filename,xmin,ymin,xmax,ymax,class,
100.jpg,158,128,411,181,Text,
100.jpg,443,128,501,169,Text,
100.jpg,64,200,363,243,Text,
100.jpg,394,199,487,239,Text,
100.jpg,72,271,382,312,Text,
101.jpg,176,189,456,274,Text,
102.jpg,602,292,610,302,Text,
102.jpg,27,467,128,479,Text,
102.jpg,279,468,380,479,Text,
102.jpg,524,461,621,478,Text,
102.jpg,272,120,415,256,Text,
102.jpg,321,157,363,215,Text,
102.jpg,82,284,577,368,Text,
103.jpg,112,111,332,143,Text,
103.jpg,350,107,524,138,Text,
103.jpg,68,281,298,315,Text,
103.jpg,318,275,573,312,Text,
104.jpg,86,33,376,138,Text,
104.jpg,79,155,217,202,Text,
104.jpg,242,157,382,205,Text,
104.jpg,87,221,372,324,Text,
104.jpg,74,375,155,405,Text,
104.jpg,170,375,387,405,Text,
104.jpg,129,419,329,491,Text,
104.jpg,100,540,356,598,Text,
105.jpg,425,0,934,129,Text,
105.jpg,400,430,882,527,Text,
105.jpg,389,837,783,941,Text,
105.jpg,376,1158,789,1274,Text,
106.jpg,199,175,477,206,Text,
106.jpg,296,233,484,267,Text,
106.jpg,331,298,492,335,Text,
107.jpg,142,149,489,197,Text,
107.jpg,64,212,438,257,Text,
107.jpg,467,214,567,256,Text,
107.jpg,116,275,190,315,Text,
107.jpg,211,276,243,316,Text,
107.jpg,266,276,399,317,Text,
107.jpg,421,277,522,323,Text,
107.jpg,152,334,321,376,Text,
107.jpg,354,334,481,377,Text,
107.jpg,62,388,123,414,Text,
107.jpg,142,390,218,415,Text,
107.jpg,234,390,314,416,Text,
107.jpg,333,389,481,416,Text,
107.jpg,500,388,563,414,Text,
108.jpg,253,60,918,408,Text,
108.jpg,260,434,750,520,Text,
109.jpg,1137,1264,2093,1446,Text,
109.jpg,2186,1284,2558,1431,Text,
110.jpg,15,218,620,289,Text,
111.jpg,228,105,422,342,Text,
112.jpg,67,254,242,291,Text,
112.jpg,48,433,236,475,Text,
112.jpg,57,606,232,643,Text,
112.jpg,61,767,237,810,Text,
112.jpg,443,546,558,585,Text,
112.jpg,593,549,710,586,Text,
112.jpg,745,551,900,588,Text,
113.jpg,26,224,607,349,Text,
114.jpg,633,438,946,487,Text,
115.jpg,1225,645,2100,852,Text,
115.jpg,2166,638,3185,783,Text,
116.jpg,67,328,528,408,Text,
117.jpg,196,120,373,157,Text,
117.jpg,136,170,227,203,Text,
117.jpg,254,162,436,198,Text,
117.jpg,208,207,359,248,Text,
117.jpg,140,265,258,298,Text,
117.jpg,288,256,429,293,Text,
117.jpg,117,317,272,352,Text,
117.jpg,301,303,451,352,Text,
118.jpg,57,92,392,158,Text,
118.jpg,52,168,365,288,Text,
118.jpg,50,322,232,393,Text,
118.jpg,258,321,617,394,Text,
119.jpg,233,1103,919,1181,Text,
120.jpg,55,108,197,175,Text,
120.jpg,223,106,433,173,Text,
120.jpg,457,105,842,174,Text,
120.jpg,871,109,1247,180,Text,
120.jpg,59,240,165,305,Text,
120.jpg,194,240,443,308,Text,
120.jpg,473,241,809,311,Text,
121.jpg,94,179,389,231,Text,
121.jpg,157,245,327,317,Text,
121.jpg,462,227,597,272,Text,
122.jpg,261,157,421,183,Text,
122.jpg,265,203,426,248,Text,
122.jpg,231,261,457,310,Text,
123.jpg,1451,67,1770,128,Text,
123.jpg,1796,71,2177,129,Text,
123.jpg,2200,70,2334,131,Text,
123.jpg,930,1061,1004,1090,Text,
123.jpg,1596,551,1830,661,Text,
123.jpg,1870,551,2306,638,Text,
123.jpg,1718,757,1913,846,Text,
123.jpg,1946,754,2319,844,Text,
124.jpg,138,173,355,201,Text,
124.jpg,136,215,286,241,Text,
124.jpg,134,254,328,282,Text,
125.jpg,221,194,453,303,Text,
126.jpg,370,548,829,781,Text,
126.jpg,1261,512,1580,759,Text,
126.jpg,195,963,381,1006,Text,
126.jpg,393,965,447,1000,Text,
126.jpg,458,965,648,1002,Text,
126.jpg,662,965,743,1002,Text,
126.jpg,757,964,893,1010,Text,
126.jpg,911,977,935,1000,Text,
126.jpg,944,976,1007,1000,Text,
126.jpg,1014,982,1067,1004,Text,
126.jpg,1074,976,1126,998,Text,
126.jpg,1136,981,1164,998,Text,
126.jpg,1174,974,1261,1004,Text,
126.jpg,1275,974,1357,1004,Text,
126.jpg,1367,974,1410,998,Text,
126.jpg,1422,973,1459,996,Text,
126.jpg,1467,971,1511,995,Text,
126.jpg,1519,974,1585,999,Text,
126.jpg,54,974,149,1000,Text,
126.jpg,145,969,156,975,Text,
127.jpg,623,201,863,352,Text,
127.jpg,988,428,1497,515,Text,
127.jpg,921,175,1508,322,Text,
128.jpg,528,13,895,145,Text,
128.jpg,950,13,1193,117,Text,
128.jpg,1258,19,1549,128,Text,
129.jpg,1061,1133,1986,1307,Text,
129.jpg,2077,1156,2438,1298,Text,
130.jpg,340,928,557,992,Text,
130.jpg,570,927,744,991,Text,
130.jpg,747,778,956,914,Text,
130.jpg,971,743,1106,799,Text,
130.jpg,1129,733,1319,772,Text,
130.jpg,1344,737,1459,786,Text,
130.jpg,1091,289,1497,355,Text,
131.jpg,240,69,395,150,Text,
131.jpg,174,192,457,278,Text,
131.jpg,302,369,491,428,Text,
132.jpg,290,1550,690,1768,Text,
132.jpg,778,1531,1415,1760,Text,
132.jpg,1499,1594,2007,1754,Text,
132.jpg,2091,1517,3027,1801,Text,
132.jpg,3101,1498,3887,1731,Text,
132.jpg,280,1818,729,2055,Text,
132.jpg,814,1812,1224,2043,Text,
132.jpg,1306,1821,2619,2102,Text,
132.jpg,2689,1856,3130,2087,Text,
132.jpg,3217,1774,3870,2006,Text,
133.jpg,42,274,93,291,Text,
133.jpg,41,302,93,320,Text,
133.jpg,305,268,362,290,Text,
133.jpg,307,297,358,314,Text,
133.jpg,554,263,609,280,Text,
133.jpg,558,290,607,307,Text,
133.jpg,244,345,430,415,Text,
134.jpg,684,16,1292,254,Text,
135.jpg,19,113,595,306,Text,
136.jpg,200,532,358,575,Text,
137.jpg,70,157,276,203,Text,
137.jpg,311,165,535,209,Text,
137.jpg,254,247,439,281,Text,
137.jpg,191,380,282,398,Text,
137.jpg,293,383,381,399,Text,
137.jpg,392,385,483,400,Text,
138.jpg,776,798,1123,893,Text,
139.jpg,5,142,19,166,Text,
139.jpg,41,140,165,167,Text,
139.jpg,189,141,303,168,Text,
139.jpg,30,194,590,330,Text,
139.jpg,164,338,590,452,Text,
139.jpg,9,442,106,478,Text,
139.jpg,119,447,140,474,Text,
140.jpg,156,1967,549,2181,Text,
140.jpg,646,1939,1272,2166,Text,
140.jpg,1359,1986,1855,2142,Text,
140.jpg,1947,1897,2857,2160,Text,
140.jpg,157,2238,592,2471,Text,
140.jpg,687,2228,1083,2451,Text,
140.jpg,1175,2208,2458,2491,Text,
140.jpg,2530,2231,2955,2450,Text,
140.jpg,3048,2137,3670,2364,Text,
141.jpg,291,162,580,289,Text,
141.jpg,68,310,209,343,Text,
141.jpg,232,309,332,342,Text,
141.jpg,352,307,580,341,Text,
142.jpg,14,195,613,290,Text,
143.jpg,196,269,307,333,Text,
143.jpg,322,266,427,334,Text,
144.jpg,1883,439,2358,648,Text,
144.jpg,1517,698,1814,767,Text,
144.jpg,1838,716,2185,777,Text,
144.jpg,2206,733,2324,793,Text,
144.jpg,1667,1362,1776,1434,Text,
144.jpg,1820,1366,2045,1440,Text,
144.jpg,2077,1369,2360,1446,Text,
144.jpg,1303,1623,1627,1672,Text,
144.jpg,1652,1627,1886,1686,Text,
144.jpg,1911,1629,2005,1674,Text,
144.jpg,2034,1629,2151,1675,Text,
144.jpg,2179,1631,2357,1689,Text,
145.jpg,166,96,374,159,Text,
145.jpg,166,174,352,247,Text,
145.jpg,383,178,440,237,Text,
145.jpg,165,263,335,311,Text,
145.jpg,365,254,436,313,Text,
145.jpg,164,324,273,384,Text,
146.jpg,52,224,247,264,Text,
146.jpg,271,227,346,265,Text,
146.jpg,371,229,473,269,Text,
146.jpg,499,231,587,267,Text,
147.jpg,339,358,967,563,Text,
148.jpg,34,8,584,170,Text,
148.jpg,55,604,279,744,Text,
148.jpg,343,590,591,745,Text,
148.jpg,576,502,606,555,Text,
149.jpg,89,172,539,316,Text,
150.jpg,79,182,567,342,Text,
151.jpg,219,170,283,184,Text,
151.jpg,290,172,327,188,Text,
151.jpg,335,170,374,184,Text,
151.jpg,237,192,271,206,Text,
151.jpg,279,194,334,210,Text,
151.jpg,340,194,356,206,Text,
151.jpg,213,214,315,230,Text,
151.jpg,323,213,378,228,Text,
152.jpg,822,96,984,119,Text,
152.jpg,1006,44,1061,131,Text,
152.jpg,956,161,1236,204,Text,
152.jpg,379,363,499,403,Text,
152.jpg,544,359,828,401,Text,
152.jpg,872,358,949,398,Text,
152.jpg,642,477,1167,538,Text,
152.jpg,596,589,1215,642,Text,
153.jpg,2310,1245,2675,1388,Text,
153.jpg,1273,1233,2218,1410,Text,
154.jpg,154,236,262,256,Text,
154.jpg,279,237,336,256,Text,
154.jpg,352,236,432,256,Text,
154.jpg,447,237,514,262,Text,
155.jpg,88,260,536,336,Text,
155.jpg,86,360,178,398,Text,
155.jpg,200,358,341,398,Text,
155.jpg,364,357,528,398,Text,
156.jpg,63,30,343,108,Text,
156.jpg,731,33,783,66,Text,
156.jpg,258,193,712,271,Text,
156.jpg,324,292,642,354,Text,
156.jpg,43,439,920,783,Text,
156.jpg,13,855,933,1185,Text,
157.jpg,41,136,537,265,Text,
158.jpg,421,297,499,313,Text,
158.jpg,511,294,621,311,Text,
159.jpg,71,191,384,226,Text,
159.jpg,404,189,520,222,Text,
159.jpg,77,262,237,301,Text,
160.jpg,6,60,527,105,Text,
160.jpg,2,118,530,163,Text,
161.jpg,77,174,563,306,Text,
162.jpg,229,451,509,508,Text,
162.jpg,534,454,836,510,Text,
162.jpg,917,451,1227,508,Text,
162.jpg,1253,443,1482,505,Text,
163.jpg,46,216,599,271,Text,
164.jpg,252,178,314,214,Text,
164.jpg,332,176,594,214,Text,
164.jpg,291,233,551,271,Text,
164.jpg,248,291,481,339,Text,
164.jpg,501,290,600,337,Text,
165.jpg,101,147,587,371,Text,
166.jpg,238,69,318,89,Text,
166.jpg,334,67,441,89,Text,
166.jpg,49,147,177,170,Text,
166.jpg,227,145,282,168,Text,
166.jpg,406,218,527,242,Text,
166.jpg,407,252,607,277,Text,
166.jpg,41,218,167,247,Text,
166.jpg,38,253,83,276,Text,
166.jpg,102,253,264,277,Text,
166.jpg,27,336,173,362,Text,
166.jpg,190,146,212,169,Text,
166.jpg,83,104,136,115,Text,
166.jpg,147,103,193,115,Text,
166.jpg,82,121,173,134,Text,
166.jpg,29,381,161,416,Text,
166.jpg,34,291,135,325,Text,
166.jpg,408,291,512,325,Text,
167.jpg,77,9,164,96,Text,
167.jpg,191,26,224,91,Text,
167.jpg,247,7,334,92,Text,
167.jpg,837,0,893,83,Text,
167.jpg,176,399,1184,577,Text,
167.jpg,188,616,799,783,Text,
167.jpg,875,610,1306,781,Text,
167.jpg,204,856,424,984,Text,
167.jpg,479,886,632,983,Text,
167.jpg,687,886,753,983,Text,
167.jpg,810,852,1021,983,Text,
168.jpg,230,203,447,237,Text,
169.jpg,1337,742,1955,837,Text,
170.jpg,27,6,149,71,Text,
170.jpg,25,168,209,259,Text,
170.jpg,246,166,605,263,Text,
171.jpg,48,233,583,318,Text,
172.jpg,124,221,516,292,Text,
173.jpg,122,204,303,254,Text,
173.jpg,316,207,422,254,Text,
173.jpg,433,199,546,249,Text,
174.jpg,1350,1776,3711,2134,Text,
175.jpg,78,395,104,410,Text,
175.jpg,112,395,192,414,Text,
175.jpg,74,416,101,432,Text,
175.jpg,109,417,151,432,Text,
175.jpg,160,417,192,435,Text,
176.jpg,81,120,331,167,Text,
176.jpg,354,123,530,170,Text,
176.jpg,78,218,217,243,Text,
176.jpg,230,219,492,245,Text,
176.jpg,506,225,543,245,Text,
176.jpg,201,341,336,367,Text,
176.jpg,348,341,420,361,Text,
177.jpg,62,161,525,301,Text,
178.jpg,306,298,425,328,Text,
178.jpg,168,341,206,364,Text,
178.jpg,213,343,267,367,Text,
178.jpg,274,346,310,368,Text,
178.jpg,407,350,479,372,Text,
178.jpg,180,376,231,399,Text,
178.jpg,281,379,331,401,Text,
178.jpg,341,381,415,403,Text,
178.jpg,422,383,470,408,Text,
178.jpg,238,378,274,400,Text,
178.jpg,317,347,401,371,Text,
179.jpg,59,225,421,274,Text,
179.jpg,447,222,561,266,Text,
179.jpg,63,289,569,377,Text,
179.jpg,61,113,571,202,Text,
180.jpg,140,90,413,179,Text,
180.jpg,135,195,232,277,Text,
180.jpg,262,198,414,282,Text,
180.jpg,112,294,432,386,Text,
180.jpg,187,437,220,452,Text,
180.jpg,229,437,343,455,Text,
181.jpg,160,141,504,175,Text,
181.jpg,23,221,282,322,Text,
181.jpg,322,213,618,296,Text,
181.jpg,243,419,325,449,Text,
181.jpg,339,417,433,446,Text,
181.jpg,31,440,80,449,Text,
182.jpg,13,573,76,594,Text,
182.jpg,88,570,150,591,Text,
182.jpg,42,600,124,623,Text,
183.jpg,651,1322,1688,1503,Text,
183.jpg,1751,1360,2559,1539,Text,
183.jpg,1896,384,2224,539,Text,
183.jpg,2302,391,3125,564,Text,
183.jpg,505,344,1818,529,Text,
184.jpg,60,149,406,198,Text,
184.jpg,245,216,379,246,Text,
185.jpg,54,182,552,320,Text,
186.jpg,25,223,227,297,Text,
186.jpg,267,231,610,304,Text,
187.jpg,190,130,404,181,Text,
187.jpg,231,205,362,253,Text,
187.jpg,171,277,268,323,Text,
187.jpg,291,278,421,335,Text,
188.jpg,350,32,498,75,Text,
188.jpg,509,33,620,74,Text,
189.jpg,129,74,390,114,Text,
189.jpg,107,588,423,629,Text,
190.jpg,179,37,490,135,Text,
190.jpg,182,329,473,379,Text,
190.jpg,186,387,331,402,Text,
190.jpg,340,387,471,402,Text,
191.jpg,1756,1294,2185,1353,Text,
191.jpg,1536,1297,1737,1355,Text,
192.jpg,13,206,619,312,Text,
192.jpg,109,452,180,465,Text,
193.jpg,40,62,592,185,Text,
193.jpg,59,215,575,274,Text,
193.jpg,69,334,102,367,Text,
193.jpg,118,329,179,364,Text,
193.jpg,199,319,307,360,Text,
193.jpg,325,313,370,351,Text,
193.jpg,387,304,451,345,Text,
193.jpg,470,290,578,335,Text,
194.jpg,94,156,439,230,Text,
194.jpg,67,277,217,333,Text,
194.jpg,251,258,464,348,Text,
195.jpg,187,140,789,256,Text,
195.jpg,70,286,913,408,Text,
195.jpg,52,462,938,560,Text,
196.jpg,1200,777,2143,914,Text,
196.jpg,2205,755,2561,895,Text,
196.jpg,1172,977,2033,1105,Text,
196.jpg,2094,950,2602,1095,Text,
196.jpg,1428,1369,1961,1502,Text,
196.jpg,2012,1353,2367,1530,Text,
197.jpg,123,214,169,262,Text,
197.jpg,176,218,289,264,Text,
197.jpg,314,216,468,265,Text,
197.jpg,474,227,530,269,Text,
198.jpg,205,51,411,339,Text,
198.jpg,108,392,511,447,Text,
198.jpg,576,58,589,76,Text,
199.jpg,120,49,546,157,Text,
199.jpg,121,163,549,327,Text,
199.jpg,122,329,546,434,Text,
200.jpg,0,176,153,267,Text,
200.jpg,211,139,582,267,Text,
200.jpg,2,304,351,390,Text,
200.jpg,378,303,608,371,Text,
200.jpg,3,417,47,467,Text,
200.jpg,59,422,140,472,Text,
200.jpg,152,425,277,465,Text,
200.jpg,586,147,619,165,Text,
201.jpg,67,126,581,219,Text,
201.jpg,31,264,613,366,Text,
202.jpg,3,142,138,179,Text,
202.jpg,166,140,351,177,Text,
202.jpg,383,137,608,175,Text,
202.jpg,203,215,384,253,Text,
202.jpg,123,293,315,337,Text,
202.jpg,345,293,468,332,Text,
203.jpg,52,119,546,301,Text,
204.jpg,55,226,428,300,Text,
204.jpg,448,227,590,284,Text,
205.jpg,652,229,1071,281,Text,
205.jpg,730,291,1007,343,Text,
205.jpg,808,432,848,448,Text,
205.jpg,859,432,925,447,Text,
205.jpg,730,867,1091,908,Text,
205.jpg,807,915,1015,951,Text,
205.jpg,729,355,1043,407,Text,
206.jpg,171,291,322,351,Text,
206.jpg,344,292,465,351,Text,
206.jpg,128,119,542,195,Text,
207.jpg,74,169,555,250,Text,
207.jpg,193,255,434,336,Text,
208.jpg,274,223,333,257,Text,
208.jpg,351,224,500,259,Text,
208.jpg,304,277,468,319,Text,
209.jpg,69,131,265,189,Text,
209.jpg,295,150,338,190,Text,
209.jpg,371,133,620,208,Text,
209.jpg,67,252,97,263,Text,
209.jpg,114,221,264,285,Text,
209.jpg,280,223,429,288,Text,
210.jpg,122,191,389,246,Text,
210.jpg,413,188,507,240,Text,
210.jpg,104,275,227,323,Text,
210.jpg,252,267,529,322,Text,
211.jpg,32,530,286,591,Text,
212.jpg,440,638,1273,804,Text,
213.jpg,35,120,390,222,Text,
213.jpg,39,256,131,295,Text,
213.jpg,151,259,327,298,Text,
213.jpg,350,261,461,300,Text,
213.jpg,484,262,602,301,Text,
214.jpg,140,72,486,131,Text,
214.jpg,126,155,501,229,Text,
214.jpg,109,242,341,304,Text,
214.jpg,373,243,516,305,Text,
214.jpg,172,329,441,397,Text,
215.jpg,83,113,502,161,Text,
216.jpg,700,167,951,217,Text,
216.jpg,1010,167,1177,222,Text,
217.jpg,38,218,598,390,Text,
218.jpg,1656,3,1714,42,Text,
218.jpg,1530,1144,1935,1236,Text,
219.jpg,167,123,480,176,Text,
219.jpg,97,202,525,257,Text,
219.jpg,203,285,443,340,Text,
220.jpg,396,401,939,519,Text,
220.jpg,188,591,757,707,Text,
220.jpg,808,593,1128,707,Text,
220.jpg,259,781,458,897,Text,
220.jpg,513,781,1064,897,Text,
221.jpg,190,165,411,272,Text,
222.jpg,74,434,318,504,Text,
222.jpg,355,441,644,527,Text,
222.jpg,682,449,981,523,Text,
222.jpg,383,545,658,605,Text,
223.jpg,63,54,567,160,Text,
223.jpg,102,9,528,52,Text,
224.jpg,691,1391,2231,1701,Text,
224.jpg,2293,1429,2973,1685,Text,
225.jpg,871,353,967,387,Text,
225.jpg,985,355,1112,388,Text,
225.jpg,604,504,723,538,Text,
225.jpg,603,586,667,606,Text,
225.jpg,599,634,659,655,Text,
225.jpg,599,682,692,703,Text,
225.jpg,703,686,755,706,Text,
225.jpg,765,688,833,709,Text,
225.jpg,820,202,1146,310,Text,
225.jpg,763,357,854,393,Text,
226.jpg,1653,675,2038,796,Text,
226.jpg,2095,1659,2382,1723,Text,
227.jpg,1053,937,1235,1077,Text,
227.jpg,1374,946,1640,1090,Text,
227.jpg,1694,955,1959,1099,Text,
227.jpg,2031,963,2189,1105,Text,
227.jpg,1263,1115,1657,1261,Text,
227.jpg,1797,1128,1992,1272,Text,
227.jpg,2133,1136,2206,1277,Text,
227.jpg,1239,2151,1910,2260,Text,
227.jpg,104,915,156,1053,Text,
228.jpg,167,166,517,237,Text,
229.jpg,231,80,423,143,Text,
229.jpg,146,164,493,230,Text,
229.jpg,134,246,503,312,Text,
229.jpg,172,332,462,393,Text,
230.jpg,142,141,289,173,Text,
230.jpg,138,185,296,222,Text,
230.jpg,320,185,423,218,Text,
230.jpg,136,228,388,264,Text,
230.jpg,312,140,455,174,Text,
231.jpg,68,235,565,312,Text,
232.jpg,138,123,229,145,Text,
232.jpg,237,123,312,144,Text,
232.jpg,207,421,241,442,Text,
233.jpg,67,424,625,524,Text,
233.jpg,723,434,1253,531,Text,
233.jpg,488,594,850,693,Text,
234.jpg,187,317,288,371,Text,
234.jpg,307,321,559,379,Text,
234.jpg,180,404,396,464,Text,
234.jpg,416,414,569,471,Text,
234.jpg,218,492,442,554,Text,
234.jpg,462,506,529,560,Text,
234.jpg,195,574,557,648,Text,
235.jpg,38,164,603,260,Text,
236.jpg,591,307,1039,439,Text,
236.jpg,1086,311,1334,409,Text,
236.jpg,449,462,888,562,Text,
236.jpg,929,463,1170,562,Text,
236.jpg,499,621,646,663,Text,
236.jpg,662,622,764,653,Text,
236.jpg,781,622,819,653,Text,
236.jpg,1225,623,1294,653,Text,
236.jpg,1311,624,1417,653,Text,
236.jpg,1218,468,1433,584,Text,
236.jpg,1440,488,1472,505,Text,
236.jpg,833,623,936,661,Text,
236.jpg,954,623,1062,660,Text,
236.jpg,1079,623,1208,660,Text,
237.jpg,170,119,545,204,Text,
237.jpg,272,231,441,310,Text,
237.jpg,97,334,609,415,Text,
238.jpg,768,342,1164,416,Text,
238.jpg,592,439,1236,514,Text,
238.jpg,657,535,688,569,Text,
238.jpg,702,536,887,571,Text,
238.jpg,900,538,1136,572,Text,
238.jpg,131,687,309,721,Text,
238.jpg,131,735,318,769,Text,
238.jpg,133,801,263,835,Text,
238.jpg,131,847,306,882,Text,
239.jpg,36,192,606,299,Text,
240.jpg,450,297,540,317,Text,
240.jpg,219,117,407,172,Text,
240.jpg,106,293,394,320,Text,
240.jpg,419,277,425,334,Text,
241.jpg,147,229,474,329,Text,
241.jpg,127,410,469,557,Text,
241.jpg,528,447,792,556,Text,
241.jpg,829,421,1094,547,Text,
241.jpg,407,623,666,676,Text,
241.jpg,688,599,1027,669,Text,
241.jpg,1045,595,1127,649,Text,
242.jpg,72,215,560,300,Text,
243.jpg,121,187,527,289,Text,
244.jpg,289,174,400,198,Text,
244.jpg,211,212,464,258,Text,
245.jpg,8,13,415,54,Text,
245.jpg,22,67,81,93,Text,
245.jpg,97,68,154,94,Text,
245.jpg,168,69,247,94,Text,
245.jpg,264,69,289,94,Text,
245.jpg,305,70,403,94,Text,
246.jpg,884,943,2165,1390,Text,
247.jpg,722,130,1085,197,Text,
247.jpg,724,261,1001,343,Text,
247.jpg,721,388,837,449,Text,
247.jpg,721,518,1099,580,Text,
247.jpg,717,646,1036,727,Text,
247.jpg,708,1026,849,1086,Text,
247.jpg,872,1022,1269,1085,Text,
248.jpg,149,161,480,241,Text,
249.jpg,738,717,1182,796,Text,
249.jpg,1211,712,1287,786,Text,
249.jpg,1316,703,1569,783,Text,
249.jpg,744,869,1378,975,Text,
249.jpg,1403,859,1592,936,Text,
249.jpg,1621,857,1682,931,Text,
249.jpg,1709,862,1790,929,Text,
249.jpg,1819,845,2006,924,Text,
249.jpg,747,1038,909,1111,Text,
249.jpg,937,1024,1369,1128,Text,
249.jpg,1967,1368,2922,1540,Text,
249.jpg,1967,1547,2881,1728,Text,
249.jpg,1982,1794,2056,1866,Text,
249.jpg,2088,1761,2537,1860,Text,
249.jpg,1985,1894,2265,1980,Text,
249.jpg,2297,1868,2668,1961,Text,
250.jpg,122,67,547,265,Text,
250.jpg,147,289,496,443,Text,
251.jpg,97,217,457,309,Text,
252.jpg,65,231,196,262,Text,
252.jpg,221,227,555,261,Text,
253.jpg,40,199,619,308,Text,
254.jpg,561,105,604,133,Text,
254.jpg,28,118,277,178,Text,
254.jpg,22,308,177,348,Text,
254.jpg,199,308,399,348,Text,
254.jpg,28,375,175,424,Text,
254.jpg,193,375,330,413,Text,
254.jpg,62,221,342,262,Text,
254.jpg,363,220,545,263,Text,
255.jpg,82,338,487,408,Text,
255.jpg,547,335,661,391,Text,
255.jpg,721,324,977,384,Text,
255.jpg,0,720,734,852,Text,
256.jpg,386,291,646,333,Text,
257.jpg,25,142,155,312,Text,
257.jpg,420,140,594,316,Text,
258.jpg,81,89,234,171,Text,
258.jpg,278,94,537,181,Text,
258.jpg,91,232,537,338,Text,
258.jpg,176,192,201,207,Text,
258.jpg,214,194,285,210,Text,
258.jpg,296,196,313,211,Text,
258.jpg,331,197,446,214,Text,
258.jpg,185,349,255,360,Text,
258.jpg,266,353,323,363,Text,
258.jpg,334,355,367,364,Text,
258.jpg,376,357,440,367,Text,
259.jpg,28,98,600,372,Text,
260.jpg,95,165,554,309,Text,
261.jpg,210,101,497,151,Text,
262.jpg,170,203,455,250,Text,
262.jpg,260,271,366,291,Text,
263.jpg,46,57,597,110,Text,
264.jpg,93,366,347,418,Text,
264.jpg,367,367,570,417,Text,
265.jpg,2441,144,2613,269,Text,
265.jpg,33,79,142,197,Text,
265.jpg,188,72,494,197,Text,
265.jpg,239,901,2479,1360,Text,
265.jpg,1184,2296,1454,2402,Text,
266.jpg,1258,1181,1919,1263,Text,
267.jpg,1431,539,2253,730,Text,
267.jpg,2318,525,3284,661,Text,
268.jpg,61,99,538,141,Text,
268.jpg,19,188,603,359,Text,
268.jpg,155,393,249,437,Text,
268.jpg,278,394,458,439,Text,
269.jpg,1488,788,1946,1021,Text,
269.jpg,2025,809,2841,990,Text,
269.jpg,1718,1225,2102,1407,Text,
269.jpg,2162,1226,2859,1406,Text,
269.jpg,59,1881,220,1940,Text,
270.jpg,482,120,1235,229,Text,
270.jpg,1278,125,1489,229,Text,
271.jpg,459,349,494,363,Text,
271.jpg,500,351,562,366,Text,
272.jpg,97,252,223,292,Text,
272.jpg,253,254,567,298,Text,
273.jpg,8,60,615,237,Text,
274.jpg,201,335,462,387,Text,
275.jpg,68,177,257,221,Text,
275.jpg,284,180,478,224,Text,
275.jpg,64,248,394,296,Text,
275.jpg,423,252,591,296,Text,
276.jpg,60,186,594,332,Text,
277.jpg,34,25,597,163,Text,
277.jpg,341,141,443,158,Text,
277.jpg,458,139,591,159,Text,
278.jpg,22,249,113,286,Text,
278.jpg,142,249,287,286,Text,
278.jpg,326,245,620,297,Text,
279.jpg,26,190,624,323,Text,
280.jpg,530,1609,1627,2162,Text,
280.jpg,1856,1687,2538,2113,Text,
280.jpg,439,486,1668,990,Text,
280.jpg,2050,567,2667,1033,Text,
281.jpg,47,296,582,414,Text,
282.jpg,118,74,423,121,Text,
282.jpg,446,75,530,119,Text,
282.jpg,35,178,248,229,Text,
282.jpg,283,182,322,229,Text,
282.jpg,349,175,620,229,Text,
282.jpg,49,366,342,419,Text,
282.jpg,364,369,439,418,Text,
282.jpg,462,367,599,419,Text,
283.jpg,161,723,530,821,Text,
283.jpg,375,826,539,916,Text,
283.jpg,323,920,736,1007,Text,
283.jpg,454,1010,608,1089,Text,
283.jpg,363,1092,697,1168,Text,
284.jpg,177,174,453,279,Text,
285.jpg,516,380,1923,606,Text,
285.jpg,700,739,1001,813,Text,
285.jpg,1233,744,1744,838,Text,
285.jpg,1068,742,1161,814,Text,
286.jpg,1307,796,2249,928,Text,
286.jpg,2313,777,2667,914,Text,
286.jpg,1278,994,2136,1119,Text,
286.jpg,2199,974,2707,1114,Text,
286.jpg,1532,1384,2061,1514,Text,
286.jpg,2116,1375,2468,1546,Text,
287.jpg,310,657,552,744,Text,
287.jpg,594,664,945,747,Text,
287.jpg,348,793,550,866,Text,
287.jpg,599,797,906,886,Text,
288.jpg,595,1543,902,1697,Text,
288.jpg,986,1549,1807,1761,Text,
288.jpg,1859,1561,2342,1768,Text,
288.jpg,2408,1569,3164,1775,Text,
288.jpg,403,1927,826,2204,Text,
288.jpg,944,1932,1504,2199,Text,
288.jpg,1939,1933,2592,2200,Text,
288.jpg,3126,1925,3805,2194,Text,
288.jpg,3068,2348,3138,2541,Text,
288.jpg,1803,2360,1859,2562,Text,
288.jpg,1964,2480,2036,2564,Text,
288.jpg,2151,2468,2379,2575,Text,
288.jpg,420,2374,471,2585,Text,
288.jpg,577,2504,653,2587,Text,
288.jpg,3230,2464,3285,2541,Text,
289.jpg,336,584,803,679,Text,
290.jpg,274,344,405,368,Text,
291.jpg,197,172,508,249,Text,
292.jpg,223,244,411,296,Text,
293.jpg,126,250,462,400,Text,
294.jpg,1386,570,2204,760,Text,
294.jpg,2271,556,3237,692,Text,
295.jpg,217,140,410,207,Text,
295.jpg,137,234,495,307,Text,
296.jpg,372,277,1723,547,Text,
296.jpg,565,565,1546,808,Text,
296.jpg,582,888,1518,1128,Text,
297.jpg,68,190,398,253,Text,
297.jpg,422,188,594,242,Text,
298.jpg,148,126,785,319,Text,
299.jpg,635,291,1023,373,Text,
299.jpg,879,388,1133,420,Text,
299.jpg,940,783,988,802,Text,
299.jpg,1001,782,1089,802,Text,
299.jpg,1102,781,1135,797,Text,
299.jpg,939,815,994,834,Text,
299.jpg,1006,814,1094,833,Text,
299.jpg,660,891,740,911,Text,
300.jpg,439,215,510,325,Text,
300.jpg,1107,217,1404,307,Text,
301.jpg,1445,800,1909,1036,Text,
301.jpg,1983,821,2803,1005,Text,
301.jpg,1675,1236,2063,1422,Text,
301.jpg,2119,1238,2820,1420,Text,
301.jpg,12,1889,181,1956,Text,
302.jpg,95,180,347,221,Text,
302.jpg,387,179,547,220,Text,
302.jpg,271,251,373,280,Text,
302.jpg,64,309,269,349,Text,
302.jpg,305,307,583,349,Text,
303.jpg,1198,1178,1964,1339,Text,
303.jpg,2038,1176,2419,1296,Text,
304.jpg,81,171,551,238,Text,
304.jpg,79,251,366,290,Text,
304.jpg,389,256,553,293,Text,
304.jpg,23,354,182,375,Text,
304.jpg,216,357,403,381,Text,
304.jpg,436,361,607,383,Text,
305.jpg,92,562,468,632,Text,
305.jpg,535,560,628,625,Text,
305.jpg,54,650,663,727,Text,
306.jpg,1518,576,2482,1035,Text,
306.jpg,1551,1063,2462,1189,Text,
307.jpg,7,213,611,338,Text,
308.jpg,388,281,1499,494,Text,
309.jpg,247,266,505,355,Text,
310.jpg,67,272,300,305,Text,
310.jpg,327,274,565,316,Text,
311.jpg,53,229,152,266,Text,
311.jpg,170,230,285,268,Text,
311.jpg,305,231,441,268,Text,
311.jpg,457,230,616,270,Text,
311.jpg,201,313,299,340,Text,
311.jpg,315,314,465,341,Text,
312.jpg,497,158,1176,250,Text,
313.jpg,51,206,605,289,Text,
314.jpg,38,155,584,371,Text,
315.jpg,916,472,1445,705,Text,
316.jpg,105,158,429,319,Text,
317.jpg,147,200,198,224,Text,
317.jpg,214,192,336,222,Text,
317.jpg,357,184,469,215,Text,
318.jpg,155,153,446,296,Text,
319.jpg,66,256,660,401,Text,
319.jpg,777,251,1220,398,Text,
319.jpg,506,455,753,590,Text,
319.jpg,234,636,842,767,Text,
319.jpg,945,634,1054,762,Text,
320.jpg,137,120,353,160,Text,
320.jpg,30,190,468,254,Text,
320.jpg,124,291,264,331,Text,
320.jpg,283,291,372,330,Text,
320.jpg,24,347,476,433,Text,
320.jpg,98,449,386,551,Text,
321.jpg,86,219,166,314,Text,
321.jpg,215,208,361,255,Text,
321.jpg,388,210,427,255,Text,
321.jpg,457,211,595,257,Text,
321.jpg,214,273,385,323,Text,
321.jpg,413,277,548,334,Text,
322.jpg,188,385,344,418,Text,
322.jpg,362,385,511,418,Text,
323.jpg,10,93,260,137,Text,
323.jpg,291,99,619,145,Text,
323.jpg,98,187,519,271,Text,
323.jpg,40,294,570,370,Text,
324.jpg,1415,1258,3141,2082,Text,
324.jpg,1540,2196,2900,2454,Text,
325.jpg,101,114,560,267,Text,
326.jpg,221,141,412,187,Text,
326.jpg,147,228,268,249,Text,
326.jpg,275,228,365,249,Text,
326.jpg,371,228,485,249,Text,
326.jpg,258,257,377,279,Text,
327.jpg,615,375,901,422,Text,
327.jpg,617,435,767,479,Text,
327.jpg,786,434,821,476,Text,
327.jpg,616,491,834,537,Text,
327.jpg,619,546,896,604,Text,
327.jpg,604,635,639,646,Text,
327.jpg,646,635,672,645,Text,
327.jpg,688,634,732,645,Text,
327.jpg,737,633,797,644,Text,
327.jpg,810,631,839,645,Text,
327.jpg,845,632,883,642,Text,
327.jpg,898,629,935,640,Text,
327.jpg,941,627,996,639,Text,
328.jpg,1405,116,2132,208,Text,
328.jpg,891,256,2608,588,Text,
328.jpg,257,1113,980,1373,Text,
328.jpg,1188,1122,2743,1376,Text,
328.jpg,258,1434,2740,1690,Text,
img_1.jpg,38,43,920,215,Text,
img_1.jpg,275,264,665,450,Text,
img_1.jpg,0,699,77,830,Text,
img_1.jpg,128,705,483,839,Text,
img_1.jpg,542,710,938,841,Text,
img_1.jpg,87,884,457,1021,Text,
img_1.jpg,517,919,831,1024,Text,
img_1.jpg,166,1095,468,1231,Text,
img_1.jpg,530,1069,743,1206,Text,
img_10.jpg,1029,315,1227,382,Text,
img_10.jpg,1256,313,1452,367,Text,
img_10.jpg,1034,398,1269,470,Text,
img_10.jpg,1292,389,1552,451,Text,
img_10.jpg,1580,378,1757,441,Text,
img_10.jpg,1074,908,2396,1098,Text,
img_10.jpg,1085,1155,1200,1262,Text,
img_10.jpg,1247,1070,2065,1248,Text,
img_10.jpg,2313,2190,2608,2284,Text,
img_11.jpg,245,51,365,153,Text,
img_11.jpg,31,214,549,348,Text,
img_11.jpg,297,311,598,428,Text,
img_11.jpg,370,136,385,150,Text,
img_12.jpg,901,888,1124,937,Text,
img_12.jpg,1159,894,1392,943,Text,
img_12.jpg,1428,901,1640,949,Text,
img_13.jpg,291,188,399,324,Text,
img_13.jpg,82,178,197,316,Text,
img_14.jpg,214,36,419,71,Text,
img_14.jpg,116,102,321,137,Text,
img_14.jpg,336,109,371,131,Text,
img_14.jpg,386,103,516,138,Text,
img_14.jpg,20,154,168,182,Text,
img_14.jpg,181,160,221,182,Text,
img_14.jpg,236,161,256,182,Text,
img_14.jpg,270,153,381,182,Text,
img_14.jpg,397,154,456,182,Text,
img_14.jpg,469,161,529,182,Text,
img_14.jpg,544,155,611,183,Text,
img_14.jpg,121,206,152,233,Text,
img_14.jpg,166,212,185,233,Text,
img_14.jpg,198,205,325,233,Text,
img_14.jpg,341,205,510,233,Text,
img_14.jpg,120,262,170,277,Text,
img_14.jpg,178,262,242,277,Text,
img_14.jpg,250,263,281,277,Text,
img_14.jpg,288,263,304,277,Text,
img_14.jpg,312,263,338,277,Text,
img_14.jpg,346,263,429,277,Text,
img_14.jpg,436,262,463,277,Text,
img_14.jpg,470,262,511,277,Text,
img_14.jpg,211,394,270,412,Text,
img_14.jpg,274,394,345,416,Text,
img_14.jpg,350,394,420,412,Text,
img_14.jpg,238,422,312,442,Text,
img_14.jpg,320,422,394,437,Text,
img_15.jpg,208,180,604,277,Text,
img_15.jpg,207,285,405,321,Text,
img_15.jpg,430,275,602,316,Text,
img_16.jpg,2273,1291,2643,1431,Text,
img_16.jpg,2186,1430,2733,1579,Text,
img_17.jpg,298,858,920,971,Text,
img_17.jpg,289,1084,957,1196,Text,
img_17.jpg,279,1313,907,1425,Text,
img_17.jpg,270,1546,960,1656,Text,
img_17.jpg,259,1782,777,1889,Text,
img_17.jpg,902,2301,1026,2367,Text,
img_17.jpg,917,2390,1000,2511,Text,
img_17.jpg,413,2384,481,2502,Text,
img_17.jpg,1422,2397,1505,2521,Text,
img_17.jpg,1405,2309,1513,2374,Text,
img_17.jpg,1989,885,2532,987,Text,
img_17.jpg,1994,1333,2093,1431,Text,
img_17.jpg,2000,1791,2099,1891,Text,
img_17.jpg,2005,2259,2107,2361,Text,
img_18.jpg,317,197,519,246,Text,
img_18.jpg,301,245,392,287,Text,
img_18.jpg,413,253,524,295,Text,
img_18.jpg,340,295,482,338,Text,
img_19.jpg,636,361,930,391,Text,
img_19.jpg,989,353,1285,383,Text,
img_19.jpg,512,428,719,504,Text,
img_19.jpg,867,423,978,496,Text,
img_19.jpg,514,512,957,585,Text,
img_19.jpg,514,607,799,686,Text,
img_2.jpg,203,250,254,288,Text,
img_2.jpg,55,238,395,392,Text,
img_2.jpg,167,210,272,233,Text,
img_2.jpg,193,348,298,380,Text,
img_20.jpg,386,197,832,317,Text,
img_20.jpg,390,306,582,408,Text,
img_20.jpg,634,332,746,422,Text,
img_20.jpg,791,342,967,441,Text,
img_20.jpg,427,493,1043,623,Text,
img_20.jpg,427,607,645,688,Text,
img_21.jpg,102,52,167,91,Text,
img_21.jpg,187,49,519,91,Text,
img_21.jpg,145,112,272,160,Text,
img_21.jpg,291,110,384,149,Text,
img_21.jpg,400,109,492,148,Text,
img_21.jpg,234,168,355,209,Text,
img_21.jpg,124,251,283,290,Text,
img_21.jpg,299,252,346,289,Text,
img_21.jpg,363,250,484,289,Text,
img_21.jpg,68,311,241,357,Text,
img_21.jpg,262,309,302,346,Text,
img_21.jpg,321,307,553,355,Text,
img_21.jpg,75,420,192,444,Text,
img_21.jpg,205,419,413,450,Text,
img_21.jpg,424,416,544,442,Text,
img_22.jpg,201,186,332,231,Text,
img_22.jpg,245,275,254,284,Text,
img_22.jpg,257,274,273,284,Text,
img_22.jpg,277,278,290,285,Text,
img_22.jpg,293,277,308,288,Text,
img_22.jpg,312,277,327,286,Text,
img_22.jpg,331,279,351,287,Text,
img_22.jpg,358,280,374,288,Text,
img_22.jpg,377,281,423,292,Text,
img_22.jpg,428,189,489,248,Text,
img_23.jpg,932,187,1740,319,Text,
img_23.jpg,1798,183,2200,293,Text,
img_23.jpg,1064,591,2033,786,Text,
img_23.jpg,2146,594,2776,807,Text,
img_23.jpg,949,914,1222,1115,Text,
img_23.jpg,1329,912,1787,1107,Text,
img_23.jpg,1903,909,2756,1103,Text,
img_23.jpg,2390,1240,2796,1329,Text,
img_23.jpg,2394,1373,3041,1479,Text,
img_23.jpg,2389,1503,2503,1591,Text,
img_23.jpg,2539,1499,2888,1587,Text,
img_23.jpg,2400,1632,2789,1740,Text,
img_23.jpg,2815,1620,2984,1708,Text,
img_23.jpg,972,2060,1147,2165,Text,
img_23.jpg,1190,2055,1474,2162,Text,
img_23.jpg,2956,1970,3058,2072,Text,
img_24.jpg,278,125,440,176,Text,
img_24.jpg,276,193,440,224,Text,
img_24.jpg,361,528,443,539,Text,
img_25.jpg,37,178,460,232,Text,
img_25.jpg,114,156,461,175,Text,
img_26.jpg,2091,547,2444,696,Text,
img_26.jpg,1839,768,2044,805,Text,
img_26.jpg,2062,757,2319,798,Text,
img_26.jpg,2336,748,2428,791,Text,
img_26.jpg,1956,1228,2034,1279,Text,
img_26.jpg,2066,1222,2229,1276,Text,
img_26.jpg,2255,1218,2471,1273,Text,
img_26.jpg,1718,1414,1935,1446,Text,
img_26.jpg,2137,1411,2205,1443,Text,
img_26.jpg,2228,1412,2314,1442,Text,
img_26.jpg,2336,1409,2474,1449,Text,
img_26.jpg,1556,1426,1600,1443,Text,
img_26.jpg,1954,1412,2118,1453,Text,
img_27.jpg,377,301,2009,890,Text,
img_27.jpg,981,849,1457,1248,Text,
img_27.jpg,2961,295,2986,328,Text,
img_27.jpg,647,1315,791,1406,Text,
img_27.jpg,859,1366,1211,1464,Text,
img_27.jpg,1294,1370,1657,1466,Text,
img_27.jpg,2926,0,3039,165,Text,
img_27.jpg,3269,0,3380,188,Text,
img_27.jpg,2577,300,2945,417,Text,
img_27.jpg,2999,334,3708,460,Text,
img_27.jpg,2783,442,2930,533,Text,
img_27.jpg,2962,454,3468,565,Text,
img_28.jpg,224,35,404,84,Text,
img_28.jpg,64,85,565,213,Text,
img_28.jpg,152,227,463,318,Text,
img_28.jpg,141,329,468,433,Text,
img_29.jpg,1308,1585,2292,1826,Text,
img_29.jpg,1755,1857,1917,1915,Text,
img_29.jpg,1945,1804,2386,1915,Text,
img_29.jpg,2958,1614,3013,1679,Text,
img_29.jpg,3028,1555,3059,1604,Text,
img_3.jpg,220,138,598,286,Text,
img_3.jpg,46,275,539,390,Text,
img_30.jpg,192,369,409,503,Text,
img_30.jpg,474,244,1171,570,Text,
img_30.jpg,156,581,421,649,Text,
img_30.jpg,511,575,1134,662,Text,
img_31.jpg,276,256,356,278,Text,
img_31.jpg,101,270,437,320,Text,
img_31.jpg,98,325,133,337,Text,
img_31.jpg,142,325,179,337,Text,
img_31.jpg,191,325,362,341,Text,
img_31.jpg,373,331,439,345,Text,
img_32.jpg,61,55,572,109,Text,
img_32.jpg,44,107,580,192,Text,
img_32.jpg,127,209,174,227,Text,
img_32.jpg,219,212,336,230,Text,
img_32.jpg,380,216,494,234,Text,
img_32.jpg,120,304,271,341,Text,
img_32.jpg,314,309,494,347,Text,
img_32.jpg,132,357,480,388,Text,
img_33.jpg,550,335,554,341,Text,
img_33.jpg,252,185,271,203,Text,
img_33.jpg,353,183,376,202,Text,
img_33.jpg,335,215,346,221,Text,
img_33.jpg,87,237,531,338,Text,
img_33.jpg,219,353,413,377,Text,
img_34.jpg,1008,0,2611,695,Text,
img_34.jpg,1168,685,2394,1258,Text,
img_34.jpg,1371,1502,2150,1830,Text,
img_35.jpg,384,224,460,263,Text,
img_35.jpg,470,223,563,263,Text,
img_36.jpg,246,581,276,592,Text,
img_36.jpg,204,593,319,611,Text,
img_36.jpg,220,615,307,633,Text,
img_37.jpg,380,194,1329,397,Text,
img_37.jpg,378,406,1317,560,Text,
img_37.jpg,698,561,787,614,Text,
img_37.jpg,815,559,1207,615,Text,
img_38.jpg,1652,1203,1795,1259,Text,
img_38.jpg,1806,1191,2098,1251,Text,
img_39.jpg,1495,546,1697,604,Text,
img_39.jpg,1505,624,1547,683,Text,
img_39.jpg,1580,630,1698,693,Text,
img_39.jpg,1457,721,1763,791,Text,
img_39.jpg,1483,805,1596,876,Text,
img_39.jpg,1627,811,1746,874,Text,
img_39.jpg,1470,908,1777,976,Text,
img_39.jpg,1440,978,1813,1056,Text,
img_39.jpg,1536,1069,1577,1130,Text,
img_39.jpg,1609,1075,1726,1138,Text,
img_4.jpg,1912,2016,2644,2211,Text,
img_4.jpg,2667,2188,2687,2215,Text,
img_4.jpg,2136,706,2225,740,Text,
img_4.jpg,1746,692,1830,731,Text,
img_4.jpg,1125,474,1952,595,Text,
img_4.jpg,1129,357,1538,461,Text,
img_4.jpg,1610,381,1956,478,Text,
img_40.jpg,605,87,675,116,Text,
img_40.jpg,707,84,1117,115,Text,
img_40.jpg,1143,84,1209,114,Text,
img_40.jpg,617,141,1203,223,Text,
img_40.jpg,607,264,1209,345,Text,
img_40.jpg,622,834,708,891,Text,
img_40.jpg,776,834,847,898,Text,
img_40.jpg,924,831,1192,891,Text,
img_40.jpg,459,1148,773,1172,Text,
img_40.jpg,893,1147,1356,1171,Text,
img_41.jpg,68,164,465,266,Text,
img_41.jpg,171,263,387,342,Text,
img_42.jpg,186,84,569,251,Text,
img_42.jpg,43,244,619,456,Text,
img_42.jpg,172,464,335,476,Text,
img_42.jpg,352,468,448,478,Text,
img_42.jpg,469,469,558,478,Text,
img_43.jpg,187,62,229,105,Text,
img_43.jpg,202,88,260,126,Text,
img_43.jpg,171,160,241,177,Text,
img_43.jpg,255,157,272,179,Text,
img_44.jpg,9,1300,281,1415,Text,
img_44.jpg,661,1316,934,1389,Text,
img_44.jpg,670,1558,1089,1639,Text,
img_44.jpg,1468,1233,1881,1324,Text,
img_44.jpg,1470,1351,1831,1427,Text,
img_44.jpg,2228,1265,2591,1338,Text,
img_44.jpg,2935,1249,3292,1324,Text,
img_44.jpg,2941,1466,3282,1537,Text,
img_44.jpg,1475,1517,1956,1608,Text,
img_45.jpg,1352,706,2671,985,Text,
img_45.jpg,544,1038,1310,1307,Text,
img_45.jpg,1538,1047,3210,1316,Text,
img_45.jpg,642,2104,746,2228,Text,
img_45.jpg,848,2100,1214,2206,Text,
img_45.jpg,1309,2107,2096,2213,Text,
img_45.jpg,616,2240,729,2363,Text,
img_45.jpg,836,2240,1440,2341,Text,
img_45.jpg,1534,2245,1790,2345,Text,
img_45.jpg,1887,2247,2397,2347,Text,
img_45.jpg,2487,2244,3022,2354,Text,
img_45.jpg,611,2374,724,2499,Text,
img_45.jpg,826,2371,1948,2479,Text,
img_45.jpg,2044,2408,2060,2476,Text,
img_45.jpg,2153,2380,3384,2496,Text,
img_46.jpg,56,403,217,432,Text,
img_46.jpg,239,401,473,431,Text,
img_46.jpg,499,399,593,431,Text,
img_47.jpg,52,157,902,235,Text,
img_47.jpg,251,242,364,316,Text,
img_47.jpg,185,304,252,381,Text,
img_47.jpg,414,300,901,410,Text,
img_47.jpg,482,402,826,477,Text,
img_48.jpg,433,455,682,506,Text,
img_48.jpg,361,553,736,632,Text,
img_48.jpg,320,710,695,823,Text,
img_48.jpg,726,721,787,794,Text,
img_48.jpg,325,807,548,923,Text,
img_49.jpg,336,367,766,455,Text,
img_49.jpg,797,368,930,455,Text,
img_49.jpg,955,368,1371,458,Text,
img_49.jpg,337,467,381,489,Text,
img_49.jpg,393,468,411,487,Text,
img_49.jpg,725,472,755,488,Text,
img_49.jpg,766,465,816,489,Text,
img_49.jpg,826,466,860,488,Text,
img_49.jpg,870,467,938,488,Text,
img_49.jpg,946,470,1021,488,Text,
img_49.jpg,1369,1022,1472,1047,Text,
img_49.jpg,1469,1016,1481,1022,Text,
img_5.jpg,146,169,614,372,Text,
img_5.jpg,22,226,109,260,Text,
img_5.jpg,123,235,151,252,Text,
img_5.jpg,166,235,203,262,Text,
img_5.jpg,217,228,306,258,Text,
img_50.jpg,86,90,569,176,Text,
img_50.jpg,394,463,419,468,Text,
img_50.jpg,423,463,459,469,Text,
img_50.jpg,463,463,531,469,Text,
img_50.jpg,536,465,547,469,Text,
img_51.jpg,630,85,709,108,Text,
img_51.jpg,717,86,799,106,Text,
img_51.jpg,808,88,898,108,Text,
img_51.jpg,101,564,399,635,Text,
img_51.jpg,107,681,476,750,Text,
img_51.jpg,514,686,875,753,Text,
img_51.jpg,114,794,187,855,Text,
img_51.jpg,216,795,413,858,Text,
img_51.jpg,445,798,864,862,Text,
img_51.jpg,122,904,299,965,Text,
img_52.jpg,313,96,462,163,Text,
img_52.jpg,519,93,663,162,Text,
img_52.jpg,722,94,909,162,Text,
img_53.jpg,21,110,486,166,Text,
img_53.jpg,563,119,646,167,Text,
img_53.jpg,720,113,1214,166,Text,
img_53.jpg,192,194,541,251,Text,
img_53.jpg,617,200,749,251,Text,
img_53.jpg,824,195,1049,248,Text,
img_54.jpg,584,497,793,557,Text,
img_54.jpg,47,817,473,934,Text,
img_54.jpg,481,831,825,940,Text,
img_54.jpg,838,829,1246,939,Text,
img_54.jpg,693,230,773,253,Text,
img_54.jpg,1143,227,1224,249,Text,
img_55.jpg,196,147,1152,300,Text,
img_55.jpg,584,298,726,381,Text,
img_55.jpg,769,297,904,382,Text,
img_55.jpg,69,368,962,911,Text,
img_55.jpg,300,788,552,897,Text,
img_56.jpg,380,483,917,596,Text,
img_57.jpg,219,144,417,335,Text,
img_58.jpg,170,363,713,495,Text,
img_58.jpg,111,502,1166,957,Text,
img_58.jpg,258,850,578,928,Text,
img_58.jpg,606,852,703,916,Text,
img_58.jpg,732,849,843,914,Text,
img_58.jpg,962,852,1045,880,Text,
img_58.jpg,927,881,1083,910,Text,
img_58.jpg,1034,497,1050,504,Text,
img_58.jpg,1054,421,1184,555,Text,
img_59.jpg,535,491,763,516,Text,
img_59.jpg,514,528,790,561,Text,
img_59.jpg,527,571,677,589,Text,
img_59.jpg,700,573,768,590,Text,
img_6.jpg,41,124,616,256,Text,
img_6.jpg,90,257,436,392,Text,
img_60.jpg,27,49,1108,306,Text,
img_60.jpg,455,85,1153,297,Text,
img_61.jpg,369,445,515,504,Text,
img_61.jpg,570,449,772,509,Text,
img_61.jpg,827,452,1007,516,Text,
img_62.jpg,157,499,468,535,Text,
img_62.jpg,486,498,573,529,Text,
img_62.jpg,127,558,437,595,Text,
img_62.jpg,456,554,602,588,Text,
img_63.jpg,584,399,679,420,Text,
img_64.jpg,94,330,1012,632,Text,
img_64.jpg,1130,357,1231,575,Text,
img_64.jpg,355,731,680,823,Text,
img_64.jpg,729,740,997,823,Text,
img_65.jpg,466,350,1062,553,Text,
img_65.jpg,482,537,1067,690,Text,
img_66.jpg,233,335,635,430,Text,
img_66.jpg,233,850,630,904,Text,
img_66.jpg,276,915,591,965,Text,
img_67.jpg,31,114,1158,255,Text,
img_67.jpg,33,263,288,310,Text,
img_67.jpg,323,275,609,321,Text,
img_67.jpg,643,284,972,327,Text,
img_67.jpg,1001,293,1151,332,Text,
img_67.jpg,184,843,1000,910,Text,
img_68.jpg,14,129,231,190,Text,
img_68.jpg,258,135,494,189,Text,
img_68.jpg,509,144,631,186,Text,
img_68.jpg,25,205,72,229,Text,
img_68.jpg,82,212,137,228,Text,
img_68.jpg,147,204,237,228,Text,
img_68.jpg,247,210,296,226,Text,
img_68.jpg,306,202,414,226,Text,
img_68.jpg,409,201,465,232,Text,
img_68.jpg,469,208,523,224,Text,
img_68.jpg,532,199,607,223,Text,
img_69.jpg,737,258,1169,838,Text,
img_7.jpg,123,17,210,58,Text,
img_7.jpg,229,23,509,76,Text,
img_7.jpg,123,70,368,120,Text,
img_7.jpg,130,134,311,194,Text,
img_7.jpg,116,217,402,271,Text,
img_7.jpg,123,294,359,361,Text,
img_7.jpg,107,388,394,445,Text,
img_7.jpg,429,392,597,444,Text,
img_70.jpg,75,395,1265,605,Text,
img_71.jpg,27,702,474,859,Text,
img_71.jpg,611,723,1137,881,Text,
img_8.jpg,633,257,1149,280,Text,
img_8.jpg,658,229,1154,299,Text,
img_8.jpg,713,312,1116,374,Text,
img_8.jpg,752,368,794,397,Text,
img_8.jpg,793,368,1053,441,Text,
img_8.jpg,1156,958,1207,968,Text,
img_8.jpg,1103,974,1208,986,Text,
img_8.jpg,1067,1003,1131,1013,Text,
img_8.jpg,1140,1002,1208,1013,Text,
img_8.jpg,1069,1026,1210,1039,Text,
img_8.jpg,653,1007,714,1019,Text,
img_9.jpg,196,224,257,279,Text,
img_9.jpg,196,294,262,370,Text,
img_9.jpg,23,422,226,461,Text,
img_9.jpg,245,423,444,454,Text,
img_9.jpg,25,457,303,490,Text,
img_9.jpg,323,469,445,499,Text,
img_9.jpg,27,513,244,554,Text,
img_9.jpg,264,516,306,546,Text,
img_9.jpg,321,518,442,548,Text,
img_100.jpg,693,150,746,187,Text,
img_100.jpg,754,167,819,211,Text,
img_100.jpg,706,199,765,228,Text,
img_100.jpg,774,222,809,242,Text,
img_100.jpg,149,570,697,688,Text,
img_100.jpg,147,700,701,775,Text,
img_101.jpg,185,347,283,404,Text,
img_101.jpg,103,439,366,518,Text,
img_102.jpg,18,295,254,346,Text,
img_102.jpg,283,302,441,351,Text,
img_102.jpg,125,350,327,376,Text,
img_102.jpg,339,357,430,381,Text,
img_103.jpg,178,336,307,370,Text,
img_103.jpg,323,339,454,373,Text,
img_104.jpg,1,35,629,281,Text,
img_105.jpg,44,128,356,219,Text,
img_105.jpg,161,301,516,343,Text,
img_106.jpg,124,224,350,313,Text,
img_106.jpg,388,287,535,317,Text,
img_107.jpg,7,206,275,264,Text,
img_107.jpg,289,209,558,267,Text,
img_107.jpg,64,273,163,287,Text,
img_107.jpg,174,274,196,287,Text,
img_107.jpg,212,274,303,288,Text,
img_107.jpg,311,275,341,289,Text,
img_107.jpg,351,276,395,289,Text,
img_107.jpg,406,276,498,291,Text,
img_108.jpg,38,428,308,479,Text,
img_108.jpg,322,428,587,479,Text,
img_109.jpg,55,31,491,113,Text,
img_110.jpg,9,318,530,389,Text,
img_110.jpg,101,381,443,424,Text,
img_111.jpg,231,199,563,255,Text,
img_111.jpg,264,275,563,328,Text,
img_111.jpg,275,349,559,399,Text,
img_112.jpg,15,65,320,113,Text,
img_112.jpg,352,65,586,114,Text,
img_112.jpg,12,133,588,309,Text,
img_113.jpg,188,310,239,326,Text,
img_113.jpg,183,332,246,353,Text,
img_113.jpg,74,454,121,481,Text,
img_113.jpg,138,462,263,489,Text,
img_113.jpg,280,456,355,484,Text,
img_113.jpg,63,502,176,528,Text,
img_113.jpg,194,502,253,529,Text,
img_113.jpg,271,504,366,530,Text,
img_114.jpg,337,236,483,293,Text,
img_114.jpg,334,302,487,345,Text,
img_114.jpg,333,356,516,409,Text,
img_115.jpg,140,12,233,49,Text,
img_115.jpg,260,14,470,52,Text,
img_115.jpg,155,55,247,75,Text,
img_115.jpg,261,58,379,76,Text,
img_115.jpg,391,58,459,76,Text,
img_115.jpg,19,100,204,117,Text,
img_115.jpg,228,101,593,120,Text,
img_116.jpg,269,197,274,206,Text,
img_116.jpg,269,212,274,220,Text,
img_116.jpg,250,47,276,85,Text,
img_117.jpg,11,5,298,55,Text,
img_117.jpg,319,1,519,52,Text,
img_117.jpg,9,141,212,183,Text,
img_117.jpg,232,137,397,188,Text,
img_117.jpg,418,135,626,186,Text,
img_118.jpg,78,310,204,378,Text,
img_118.jpg,239,312,551,380,Text,
img_118.jpg,155,385,425,423,Text,
img_118.jpg,443,385,477,422,Text,
img_118.jpg,102,427,312,465,Text,
img_118.jpg,332,427,544,466,Text,
img_119.jpg,31,254,162,314,Text,
img_119.jpg,268,258,441,313,Text,
img_119.jpg,459,261,638,315,Text,
img_119.jpg,79,335,265,411,Text,
img_119.jpg,302,337,592,409,Text,
img_120.jpg,15,344,134,386,Text,
img_120.jpg,10,398,268,456,Text,
img_120.jpg,318,351,447,386,Text,
img_120.jpg,522,354,632,389,Text,
img_120.jpg,316,415,367,450,Text,
img_120.jpg,406,416,545,453,Text,
img_120.jpg,584,419,638,454,Text,
img_121.jpg,4,136,320,228,Text,
img_121.jpg,363,158,612,242,Text,
img_121.jpg,232,261,349,314,Text,
img_121.jpg,152,355,504,439,Text,
img_122.jpg,184,204,245,225,Text,
img_122.jpg,185,228,249,248,Text,
img_122.jpg,261,224,307,244,Text,
img_122.jpg,191,290,234,308,Text,
img_122.jpg,242,293,295,311,Text,
img_122.jpg,161,347,243,369,Text,
img_122.jpg,251,351,286,367,Text,
img_123.jpg,71,343,711,540,Text,
img_123.jpg,785,335,1243,539,Text,
img_124.jpg,276,328,405,355,Text,
img_124.jpg,285,378,330,404,Text,
img_124.jpg,343,380,396,401,Text,
img_124.jpg,246,428,301,456,Text,
img_124.jpg,318,425,338,450,Text,
img_124.jpg,353,420,432,451,Text,
img_125.jpg,300,366,714,434,Text,
img_125.jpg,801,368,992,435,Text,
img_125.jpg,451,476,554,513,Text,
img_125.jpg,571,491,594,494,Text,
img_125.jpg,617,479,680,515,Text,
img_125.jpg,700,492,724,495,Text,
img_125.jpg,743,478,837,516,Text,
img_126.jpg,548,421,653,443,Text,
img_126.jpg,663,423,683,440,Text,
img_126.jpg,695,424,752,441,Text,
img_126.jpg,777,426,781,442,Text,
img_126.jpg,548,447,624,468,Text,
img_126.jpg,636,449,655,465,Text,
img_126.jpg,548,472,650,489,Text,
img_126.jpg,660,473,705,489,Text,
img_126.jpg,776,474,796,492,Text,
img_126.jpg,609,516,712,535,Text,
img_126.jpg,608,545,666,560,Text,
img_126.jpg,687,543,696,561,Text,
img_126.jpg,652,716,669,741,Text,
img_127.jpg,888,673,1042,711,Text,
img_127.jpg,912,720,1016,755,Text,
img_127.jpg,921,759,1005,792,Text,
img_128.jpg,83,82,129,101,Text,
img_128.jpg,134,84,197,123,Text,
img_128.jpg,211,79,239,99,Text,
img_128.jpg,200,105,251,125,Text,
img_129.jpg,1025,477,1045,504,Text,
img_130.jpg,300,248,607,343,Text,
img_130.jpg,631,307,688,347,Text,
img_130.jpg,717,313,870,375,Text,
img_130.jpg,918,345,960,391,Text,
img_130.jpg,293,307,521,392,Text,
img_130.jpg,551,346,611,395,Text,
img_130.jpg,291,370,598,455,Text,
img_130.jpg,623,415,753,475,Text,
img_130.jpg,944,460,962,502,Text,
img_130.jpg,470,507,776,604,Text,
img_130.jpg,460,615,619,672,Text,
img_130.jpg,679,592,715,649,Text,
img_131.jpg,32,161,1248,785,Text,
img_132.jpg,169,429,331,464,Text,
img_132.jpg,338,428,372,457,Text,
img_132.jpg,381,428,479,457,Text,
img_132.jpg,167,582,211,609,Text,
img_132.jpg,222,581,317,610,Text,
img_132.jpg,165,636,210,657,Text,
img_132.jpg,221,635,314,658,Text,
img_132.jpg,167,689,255,717,Text,
img_132.jpg,273,690,377,718,Text,
img_132.jpg,393,690,490,718,Text,
img_132.jpg,167,724,210,745,Text,
img_132.jpg,221,724,310,745,Text,
img_132.jpg,322,724,398,746,Text,
img_132.jpg,408,724,500,747,Text,
img_132.jpg,168,777,270,799,Text,
img_132.jpg,281,777,351,800,Text,
img_132.jpg,169,830,247,852,Text,
img_132.jpg,259,831,307,853,Text,
img_132.jpg,320,831,409,859,Text,
img_132.jpg,421,832,481,860,Text,
img_132.jpg,66,878,317,909,Text,
img_132.jpg,340,884,413,910,Text,
img_132.jpg,425,886,519,912,Text,
img_132.jpg,172,988,292,1010,Text,
img_132.jpg,302,991,317,1011,Text,
img_133.jpg,875,648,987,681,Text,
img_134.jpg,44,440,1213,574,Text,
img_135.jpg,197,170,346,236,Text,
img_135.jpg,380,169,527,234,Text,
img_135.jpg,216,291,356,345,Text,
img_135.jpg,382,288,514,334,Text,
img_136.jpg,395,147,1252,332,Text,
img_136.jpg,408,343,799,411,Text,
img_136.jpg,850,347,1226,417,Text,
img_137.jpg,629,459,765,540,Text,
img_137.jpg,867,362,908,384,Text,
img_137.jpg,871,379,911,403,Text,
img_138.jpg,261,354,1208,587,Text,
img_139.jpg,88,164,1194,530,Text,
img_139.jpg,105,589,323,653,Text,
img_139.jpg,397,637,425,641,Text,
img_139.jpg,506,585,668,651,Text,
img_139.jpg,747,633,777,638,Text,
img_139.jpg,861,576,1171,647,Text,
img_139.jpg,456,770,752,876,Text,
img_140.jpg,434,614,604,681,Text,
img_140.jpg,615,631,778,696,Text,
img_140.jpg,718,716,790,766,Text,
img_140.jpg,432,755,722,829,Text,
img_140.jpg,735,778,890,840,Text,
img_140.jpg,434,830,525,890,Text,
img_140.jpg,540,838,677,898,Text,
img_141.jpg,34,289,248,382,Text,
img_141.jpg,336,289,477,320,Text,
img_141.jpg,633,682,703,716,Text,
img_142.jpg,178,574,1272,702,Text,
img_143.jpg,550,532,726,604,Text,
img_144.jpg,276,786,670,833,Text,
img_144.jpg,725,783,976,831,Text,
img_144.jpg,370,860,672,906,Text,
img_144.jpg,729,859,886,904,Text,
img_145.jpg,115,438,1096,534,Text,
img_146.jpg,50,269,604,325,Text,
img_147.jpg,61,722,565,856,Text,
img_147.jpg,652,715,1232,857,Text,
img_148.jpg,266,168,288,246,Text,
img_148.jpg,223,397,270,476,Text,
img_148.jpg,207,624,253,699,Text,
img_148.jpg,189,842,243,915,Text,
img_148.jpg,186,1050,232,1118,Text,
img_148.jpg,752,213,797,288,Text,
img_148.jpg,731,441,781,517,Text,
img_148.jpg,705,666,752,741,Text,
img_148.jpg,686,877,731,947,Text,
img_149.jpg,161,1145,248,1203,Text,
img_149.jpg,264,1139,497,1201,Text,
img_149.jpg,517,1133,679,1212,Text,
img_149.jpg,99,1168,129,1196,Text,
img_150.jpg,792,595,956,660,Text,
img_150.jpg,741,672,999,745,Text,
img_151.jpg,169,34,458,556,Text,
img_152.jpg,193,150,216,184,Text,
img_152.jpg,34,240,430,300,Text,
img_152.jpg,110,312,332,367,Text,
img_152.jpg,38,379,418,440,Text,
img_152.jpg,3,429,22,439,Text,
img_153.jpg,50,194,87,206,Text,
img_153.jpg,48,208,249,257,Text,
img_153.jpg,279,212,546,271,Text,
img_154.jpg,201,498,227,513,Text,
img_154.jpg,234,496,297,512,Text,
img_154.jpg,206,268,255,273,Text,
img_155.jpg,29,225,477,264,Text,
img_156.jpg,38,206,126,263,Text,
img_156.jpg,133,228,144,237,Text,
img_156.jpg,151,195,551,261,Text,
img_157.jpg,81,123,287,182,Text,
img_157.jpg,80,172,176,197,Text,
img_157.jpg,195,187,287,212,Text,
img_157.jpg,144,205,187,224,Text,
img_157.jpg,194,210,233,228,Text,
img_158.jpg,171,9,481,73,Text,
img_158.jpg,240,205,448,239,Text,
img_158.jpg,173,354,440,403,Text,
img_158.jpg,194,250,229,258,Text,
img_159.jpg,26,285,71,313,Text,
img_159.jpg,77,289,93,315,Text,
img_159.jpg,101,291,159,321,Text,
img_160.jpg,47,122,493,300,Text,
img_161.jpg,103,206,379,269,Text,
img_161.jpg,73,278,410,341,Text,
img_161.jpg,67,351,110,365,Text,
img_161.jpg,125,351,215,365,Text,
img_161.jpg,229,351,271,365,Text,
img_161.jpg,287,352,314,365,Text,
img_161.jpg,329,352,415,367,Text,
img_72.jpg,236,677,449,739,Text,
img_72.jpg,466,683,711,757,Text,
img_72.jpg,734,687,977,747,Text,
img_72.jpg,227,771,740,857,Text,
img_72.jpg,784,783,1094,872,Text,
img_73.jpg,315,354,701,466,Text,
img_73.jpg,356,480,652,587,Text,
img_73.jpg,391,759,451,774,Text,
img_73.jpg,460,758,529,775,Text,
img_73.jpg,537,756,606,773,Text,
img_73.jpg,466,781,531,794,Text,
img_74.jpg,396,161,620,197,Text,
img_74.jpg,159,501,792,644,Text,
img_74.jpg,141,728,815,854,Text,
img_74.jpg,129,970,823,1111,Text,
img_75.jpg,203,127,666,226,Text,
img_75.jpg,422,304,698,399,Text,
img_75.jpg,454,481,832,570,Text,
img_75.jpg,214,631,565,730,Text,
img_75.jpg,265,802,890,904,Text,
img_75.jpg,173,957,925,1064,Text,
img_76.jpg,0,505,1277,723,Text,
img_76.jpg,825,355,847,368,Text,
img_77.jpg,164,553,566,728,Text,
img_77.jpg,629,552,1101,711,Text,
img_78.jpg,315,457,455,506,Text,
img_78.jpg,272,520,484,593,Text,
img_79.jpg,346,158,458,195,Text,
img_79.jpg,363,212,439,246,Text,
img_80.jpg,484,531,628,567,Text,
img_80.jpg,652,524,829,561,Text,
img_80.jpg,437,685,578,706,Text,
img_80.jpg,598,681,755,702,Text,
img_80.jpg,778,679,883,697,Text,
img_81.jpg,421,463,915,602,Text,
img_82.jpg,66,283,1279,733,Text,
img_83.jpg,558,317,850,389,Text,
img_83.jpg,462,412,945,484,Text,
img_83.jpg,568,576,855,650,Text,
img_83.jpg,305,347,368,460,Text,
img_84.jpg,604,365,979,481,Text,
img_84.jpg,618,479,985,530,Text,
img_84.jpg,432,411,548,444,Text,
img_84.jpg,202,468,260,531,Text,
img_84.jpg,0,485,83,563,Text,
img_84.jpg,14,786,37,809,Text,
img_85.jpg,590,468,823,510,Text,
img_86.jpg,149,710,333,753,Text,
img_86.jpg,147,759,206,769,Text,
img_86.jpg,159,795,260,806,Text,
img_86.jpg,267,797,316,806,Text,
img_86.jpg,652,725,667,749,Text,
img_87.jpg,369,159,695,214,Text,
img_87.jpg,742,161,983,215,Text,
img_87.jpg,270,678,489,730,Text,
img_87.jpg,536,682,586,731,Text,
img_88.jpg,637,134,897,179,Text,
img_88.jpg,772,246,1040,327,Text,
img_88.jpg,656,422,923,517,Text,
img_88.jpg,780,612,1048,698,Text,
img_88.jpg,653,776,916,831,Text,
img_89.jpg,409,492,634,598,Text,
img_89.jpg,681,508,961,612,Text,
img_89.jpg,309,629,602,761,Text,
img_89.jpg,651,643,1050,756,Text,
img_90.jpg,5,521,207,574,Text,
img_90.jpg,230,521,471,573,Text,
img_91.jpg,487,197,633,235,Text,
img_91.jpg,670,196,802,234,Text,
img_91.jpg,491,484,539,512,Text,
img_91.jpg,556,480,805,511,Text,
img_91.jpg,523,529,619,564,Text,
img_91.jpg,635,527,704,555,Text,
img_91.jpg,717,525,787,555,Text,
img_91.jpg,591,571,682,601,Text,
img_91.jpg,506,635,628,664,Text,
img_91.jpg,641,635,677,663,Text,
img_91.jpg,690,633,783,662,Text,
img_91.jpg,460,682,596,719,Text,
img_91.jpg,612,679,643,708,Text,
img_91.jpg,658,678,837,715,Text,
img_91.jpg,464,769,557,789,Text,
img_91.jpg,568,768,730,792,Text,
img_91.jpg,740,766,834,785,Text,
img_92.jpg,939,771,1059,807,Text,
img_92.jpg,1078,780,1166,822,Text,
img_92.jpg,926,833,1112,867,Text,
img_92.jpg,926,865,1116,901,Text,
img_93.jpg,178,173,602,367,Text,
img_94.jpg,331,497,473,542,Text,
img_94.jpg,497,497,676,541,Text,
img_95.jpg,490,371,814,462,Text,
img_95.jpg,491,523,815,615,Text,
img_96.jpg,460,441,586,480,Text,
img_96.jpg,623,435,1079,480,Text,
img_96.jpg,553,528,758,569,Text,
img_96.jpg,791,526,1002,568,Text,
img_97.jpg,318,487,656,593,Text,
img_97.jpg,704,484,917,596,Text,
img_98.jpg,1012,350,1145,370,Text,
img_98.jpg,553,568,700,611,Text,
img_98.jpg,213,651,1037,749,Text,
img_98.jpg,328,773,490,825,Text,
img_98.jpg,516,767,610,823,Text,
img_98.jpg,633,767,731,838,Text,
img_98.jpg,757,767,926,822,Text,
img_99.jpg,423,742,446,758,Text,
img_99.jpg,462,743,513,761,Text,
img_99.jpg,531,744,651,762,Text,
img_99.jpg,667,745,696,762,Text,
img_99.jpg,713,745,819,763,Text,
img_99.jpg,835,744,894,763,Text,
img_99.jpg,912,743,1043,767,Text,
img_99.jpg,363,769,516,791,Text,
img_99.jpg,537,772,594,793,Text,
img_99.jpg,615,773,695,794,Text,
img_99.jpg,714,773,817,793,Text,
img_99.jpg,833,772,911,793,Text,
img_99.jpg,929,769,1103,792,Text,
