filename,file_w,file_h,xmin,ymin,xmax,ymax,class,
000007.jpg,500,333,141,50,500,330,Non-Text,
000009.jpg,500,375,69,172,270,330,Non-Text,
000009.jpg,500,375,150,141,229,284,Non-Text,
000009.jpg,500,375,285,201,327,331,Non-Text,
000009.jpg,500,375,258,198,297,329,Non-Text,
000019.jpg,500,375,231,88,483,256,Non-Text,
000019.jpg,500,375,11,113,266,259,Non-Text,
000021.jpg,336,500,1,235,182,388,Non-Text,
000021.jpg,336,500,210,36,336,482,Non-Text,
000021.jpg,336,500,46,82,170,365,Non-Text,
000021.jpg,336,500,11,181,142,419,Non-Text,
000035.jpg,500,375,1,96,191,361,Non-Text,
000035.jpg,500,375,218,98,465,318,Non-Text,
000035.jpg,500,375,468,195,500,317,Non-Text,
000035.jpg,500,375,3,304,500,375,Non-Text,
000036.jpg,332,500,27,79,319,344,Non-Text,
000039.jpg,500,375,156,89,344,279,Non-Text,
000042.jpg,500,335,263,32,500,295,Non-Text,
000042.jpg,500,335,1,36,235,299,Non-Text,
000044.jpg,500,333,1,1,370,330,Non-Text,
000044.jpg,500,333,99,101,312,213,Non-Text,
000048.jpg,375,500,58,107,291,465,Non-Text,
000048.jpg,375,500,2,1,302,500,Non-Text,
000050.jpg,500,375,405,153,493,255,Non-Text,
000050.jpg,500,375,275,129,312,170,Non-Text,
000050.jpg,500,375,360,192,381,265,Non-Text,
000050.jpg,500,375,399,181,422,235,Non-Text,
000050.jpg,500,375,270,180,291,247,Non-Text,
000050.jpg,500,375,294,176,312,241,Non-Text,
000050.jpg,500,375,68,96,293,375,Non-Text,
000050.jpg,500,375,1,71,87,332,Non-Text,
000050.jpg,500,375,185,68,259,197,Non-Text,
000050.jpg,500,375,286,64,406,238,Non-Text,
000051.jpg,500,375,352,138,500,375,Non-Text,
000051.jpg,500,375,105,1,427,245,Non-Text,
000051.jpg,500,375,415,61,465,195,Non-Text,
000052.jpg,500,333,414,232,458,263,Non-Text,
000052.jpg,500,333,291,237,333,270,Non-Text,
000052.jpg,500,333,183,238,227,273,Non-Text,
000052.jpg,500,333,52,244,99,274,Non-Text,
000052.jpg,500,333,62,96,107,132,Non-Text,
000052.jpg,500,333,184,94,225,128,Non-Text,
000060.jpg,500,334,1,137,427,333,Non-Text,
000060.jpg,500,334,1,62,479,235,Non-Text,
000060.jpg,500,334,1,27,422,141,Non-Text,
000060.jpg,500,334,44,7,458,134,Non-Text,
000060.jpg,500,334,199,6,475,98,Non-Text,
000061.jpg,500,333,274,11,437,279,Non-Text,
000061.jpg,500,333,184,214,281,252,Non-Text,
000063.jpg,500,375,123,115,379,275,Non-Text,
000063.jpg,500,375,75,1,428,375,Non-Text,
000064.jpg,496,500,1,23,451,500,Non-Text,
000065.jpg,500,335,2,104,398,334,Non-Text,
000066.jpg,500,375,209,187,228,230,Non-Text,
000066.jpg,500,375,242,182,274,259,Non-Text,
000066.jpg,500,375,269,188,295,259,Non-Text,
000078.jpg,500,419,15,75,475,412,Non-Text,
000078.jpg,500,419,94,41,437,238,Non-Text,
000081.jpg,500,333,235,158,462,282,Non-Text,
000081.jpg,500,333,8,166,220,322,Non-Text,
000081.jpg,500,333,198,156,341,231,Non-Text,
000081.jpg,500,333,349,145,451,266,Non-Text,
000081.jpg,500,333,61,162,170,333,Non-Text,
000081.jpg,500,333,29,166,73,213,Non-Text,
000081.jpg,500,333,298,246,433,333,Non-Text,
000081.jpg,500,333,196,215,332,330,Non-Text,
000081.jpg,500,333,270,298,324,333,Non-Text,
000093.jpg,500,339,175,125,344,254,Non-Text,
000093.jpg,500,339,53,3,500,338,Non-Text,
000095.jpg,500,323,20,52,439,285,Non-Text,
000095.jpg,500,323,1,125,114,234,Non-Text,
000099.jpg,500,375,4,77,320,252,Non-Text,
000102.jpg,500,375,416,175,500,314,Non-Text,
000102.jpg,500,375,121,134,352,274,Non-Text,
000107.jpg,500,375,471,174,500,227,Non-Text,
000107.jpg,500,375,296,149,334,178,Non-Text,
000107.jpg,500,375,242,146,259,169,Non-Text,
000109.jpg,500,254,17,12,482,235,Non-Text,
000110.jpg,500,375,79,233,110,314,Non-Text,
000110.jpg,500,375,54,231,86,344,Non-Text,
000110.jpg,500,375,31,233,50,303,Non-Text,
000112.jpg,333,500,70,174,277,328,Non-Text,
000112.jpg,333,500,287,162,316,198,Non-Text,
000113.jpg,500,332,277,101,354,260,Non-Text,
000118.jpg,500,375,164,97,281,375,Non-Text,
000120.jpg,500,400,66,121,440,276,Non-Text,
000121.jpg,500,375,251,28,475,267,Non-Text,
000121.jpg,500,375,22,28,251,273,Non-Text,
000122.jpg,475,480,36,20,430,474,Non-Text,
000125.jpg,500,375,425,218,500,275,Non-Text,
000125.jpg,500,375,436,188,467,223,Non-Text,
000125.jpg,500,375,382,209,415,272,Non-Text,
000125.jpg,500,375,353,213,383,276,Non-Text,
000130.jpg,500,375,4,1,500,249,Non-Text,
000133.jpg,447,500,73,18,406,500,Non-Text,
000133.jpg,447,500,135,227,338,500,Non-Text,
000133.jpg,447,500,22,1,75,101,Non-Text,
000133.jpg,447,500,42,58,137,104,Non-Text,
000138.jpg,500,332,6,56,154,285,Non-Text,
000138.jpg,500,332,145,58,283,258,Non-Text,
000138.jpg,500,332,224,54,440,332,Non-Text,
000138.jpg,500,332,363,96,500,332,Non-Text,
000140.jpg,500,401,107,146,386,300,Non-Text,
000140.jpg,500,401,2,113,500,401,Non-Text,
000141.jpg,500,423,25,53,418,399,Non-Text,
000143.jpg,500,333,170,46,500,333,Non-Text,
000146.jpg,374,500,155,208,252,408,Non-Text,
000147.jpg,500,333,33,105,65,146,Non-Text,
000147.jpg,500,333,77,114,114,149,Non-Text,
000147.jpg,500,333,146,125,175,150,Non-Text,
000147.jpg,500,333,227,132,247,154,Non-Text,
000147.jpg,500,333,302,127,327,153,Non-Text,
000147.jpg,500,333,373,121,402,153,Non-Text,
000147.jpg,500,333,435,112,465,149,Non-Text,
000150.jpg,500,333,186,78,319,264,Non-Text,
000150.jpg,500,333,353,54,379,108,Non-Text,
000150.jpg,500,333,415,51,436,109,Non-Text,
000150.jpg,500,333,476,54,492,98,Non-Text,
000150.jpg,500,333,489,51,500,100,Non-Text,
000153.jpg,500,375,237,147,358,191,Non-Text,
000153.jpg,500,375,138,56,166,70,Non-Text,
000153.jpg,500,375,47,114,118,125,Non-Text,
000153.jpg,500,375,3,109,64,122,Non-Text,
000154.jpg,500,333,59,76,367,266,Non-Text,
000154.jpg,500,333,441,193,458,213,Non-Text,
000156.jpg,500,375,41,73,381,352,Non-Text,
000156.jpg,500,375,432,103,496,144,Non-Text,
000156.jpg,500,375,404,114,435,143,Non-Text,
000158.jpg,500,375,196,83,267,207,Non-Text,
000159.jpg,500,333,234,48,286,124,Non-Text,
000159.jpg,500,333,1,16,498,333,Non-Text,
000162.jpg,500,375,306,227,380,299,Non-Text,
000162.jpg,500,375,196,143,309,369,Non-Text,
000164.jpg,500,375,114,154,369,348,Non-Text,
000164.jpg,500,375,292,49,446,370,Non-Text,
000165.jpg,500,386,89,54,500,386,Non-Text,
000171.jpg,375,500,1,290,128,407,Non-Text,
000171.jpg,375,500,94,21,375,491,Non-Text,
000174.jpg,500,333,143,5,426,333,Non-Text,
000177.jpg,500,375,59,152,461,375,Non-Text,
000177.jpg,500,375,344,150,500,375,Non-Text,
000177.jpg,500,375,321,85,456,362,Non-Text,
000177.jpg,500,375,304,92,391,209,Non-Text,
000177.jpg,500,375,280,88,337,172,Non-Text,
000177.jpg,500,375,163,67,261,163,Non-Text,
000177.jpg,500,375,125,94,164,166,Non-Text,
000177.jpg,500,375,75,87,158,231,Non-Text,
000177.jpg,500,375,1,112,97,375,Non-Text,
000184.jpg,500,375,289,106,338,192,Non-Text,
000184.jpg,500,375,375,144,403,188,Non-Text,
000184.jpg,500,375,458,154,480,190,Non-Text,
000184.jpg,500,375,2,1,312,375,Non-Text,
000189.jpg,500,375,65,39,459,346,Non-Text,
000192.jpg,500,375,116,64,356,375,Non-Text,
000192.jpg,500,375,2,212,49,375,Non-Text,
000198.jpg,500,335,160,134,286,239,Non-Text,
000200.jpg,500,249,28,19,103,167,Non-Text,
000200.jpg,500,249,16,54,178,249,Non-Text,
000200.jpg,500,249,147,23,245,249,Non-Text,
000200.jpg,500,249,227,19,400,249,Non-Text,
000200.jpg,500,249,391,13,500,249,Non-Text,
000200.jpg,500,249,364,212,389,249,Non-Text,
000200.jpg,500,249,231,145,260,210,Non-Text,
000203.jpg,500,333,52,166,167,332,Non-Text,
000208.jpg,500,375,1,128,166,261,Non-Text,
000208.jpg,500,375,330,223,500,375,Non-Text,
000208.jpg,500,375,117,114,180,219,Non-Text,
000208.jpg,500,375,59,122,131,255,Non-Text,
000208.jpg,500,375,1,184,33,245,Non-Text,
000208.jpg,500,375,203,151,436,308,Non-Text,
000209.jpg,500,375,14,76,400,375,Non-Text,
000210.jpg,500,374,377,211,404,225,Non-Text,
000210.jpg,500,374,443,211,468,235,Non-Text,
000210.jpg,500,374,323,214,335,226,Non-Text,
000210.jpg,500,374,15,214,37,240,Non-Text,
000211.jpg,500,375,48,262,244,349,Non-Text,
000214.jpg,500,375,205,1,500,375,Non-Text,
000215.jpg,500,468,144,81,338,411,Non-Text,
000218.jpg,500,333,253,64,383,255,Non-Text,
000218.jpg,500,333,107,1,202,174,Non-Text,
000218.jpg,500,333,1,1,253,222,Non-Text,
000219.jpg,333,500,120,333,310,464,Non-Text,
000225.jpg,500,333,125,96,355,263,Non-Text,
000225.jpg,500,333,2,22,47,81,Non-Text,
000228.jpg,500,333,92,82,314,228,Non-Text,
000232.jpg,500,375,47,92,376,334,Non-Text,
000232.jpg,500,375,230,32,252,93,Non-Text,
000232.jpg,500,375,404,71,500,119,Non-Text,
000232.jpg,500,375,1,49,88,92,Non-Text,
000232.jpg,500,375,55,68,126,90,Non-Text,
000241.jpg,500,375,356,183,500,280,Non-Text,
000241.jpg,500,375,60,109,142,213,Non-Text,
000241.jpg,500,375,246,134,348,217,Non-Text,
000242.jpg,500,333,3,3,499,287,Non-Text,
000244.jpg,500,333,116,202,157,230,Non-Text,
000245.jpg,500,375,18,131,488,292,Non-Text,
000245.jpg,500,375,303,139,329,171,Non-Text,
000246.jpg,500,375,60,44,331,310,Non-Text,
000249.jpg,500,333,67,188,183,330,Non-Text,
000249.jpg,500,333,108,174,160,205,Non-Text,
000249.jpg,500,333,156,169,202,195,Non-Text,
000249.jpg,500,333,173,184,274,326,Non-Text,
000249.jpg,500,333,268,182,316,307,Non-Text,
000249.jpg,500,333,269,160,314,186,Non-Text,
000249.jpg,500,333,307,119,376,228,Non-Text,
000249.jpg,500,333,102,177,324,302,Non-Text,
000250.jpg,500,375,1,170,474,375,Non-Text,
000250.jpg,500,375,97,124,150,297,Non-Text,
000263.jpg,375,500,19,224,355,323,Non-Text,
000263.jpg,375,500,1,355,69,499,Non-Text,
000266.jpg,375,500,98,19,374,500,Non-Text,
000266.jpg,375,500,1,1,375,500,Non-Text,
000268.jpg,500,333,180,103,436,281,Non-Text,
000268.jpg,500,333,1,58,262,333,Non-Text,
000270.jpg,500,323,150,120,443,183,Non-Text,
000278.jpg,500,375,294,156,500,375,Non-Text,
000278.jpg,500,375,111,89,417,375,Non-Text,
000294.jpg,500,375,330,11,454,368,Non-Text,
000294.jpg,500,375,55,93,167,371,Non-Text,
000298.jpg,500,388,180,32,339,359,Non-Text,
000306.jpg,500,176,89,32,144,72,Non-Text,
000306.jpg,500,176,114,36,182,86,Non-Text,
000306.jpg,500,176,237,46,302,87,Non-Text,
000306.jpg,500,176,303,42,380,87,Non-Text,
000328.jpg,500,332,58,147,257,265,Non-Text,
000328.jpg,500,332,1,109,50,229,Non-Text,
000328.jpg,500,332,305,98,440,236,Non-Text,
000328.jpg,500,332,281,133,316,204,Non-Text,
000328.jpg,500,332,116,62,174,226,Non-Text,
000328.jpg,500,332,170,83,209,148,Non-Text,
000328.jpg,500,332,362,70,414,204,Non-Text,
000328.jpg,500,332,281,94,327,180,Non-Text,
000332.jpg,500,333,54,50,285,262,Non-Text,
000336.jpg,500,430,4,7,472,426,Non-Text,
000340.jpg,500,375,334,131,447,363,Non-Text,
000340.jpg,500,375,72,38,186,255,Non-Text,
000347.jpg,466,357,77,2,411,348,Non-Text,
000370.jpg,500,374,94,104,253,256,Non-Text,
000370.jpg,500,374,244,122,420,257,Non-Text,
000373.jpg,333,500,19,343,319,453,Non-Text,
000381.jpg,375,500,6,184,375,500,Non-Text,
000381.jpg,375,500,79,157,144,266,Non-Text,
000381.jpg,375,500,1,199,80,353,Non-Text,
000381.jpg,375,500,1,382,111,499,Non-Text,
000381.jpg,375,500,155,8,174,37,Non-Text,
000382.jpg,375,500,3,167,163,500,Non-Text,
000382.jpg,375,500,100,265,119,298,Non-Text,
000391.jpg,500,458,57,47,465,458,Non-Text,
000395.jpg,500,322,104,54,429,264,Non-Text,
000408.jpg,375,500,51,114,347,499,Non-Text,
000416.jpg,500,375,330,139,399,248,Non-Text,
000416.jpg,500,375,181,171,259,252,Non-Text,
000416.jpg,500,375,217,154,345,244,Non-Text,
000417.jpg,500,375,174,82,369,375,Non-Text,
000424.jpg,500,325,65,159,134,216,Non-Text,
000424.jpg,500,325,189,197,284,254,Non-Text,
000424.jpg,500,325,327,209,401,252,Non-Text,
000424.jpg,500,325,411,177,486,227,Non-Text,
000433.jpg,500,370,220,81,469,364,Non-Text,
000433.jpg,500,370,196,56,454,357,Non-Text,
000439.jpg,500,333,1,168,308,209,Non-Text,
000454.jpg,500,297,1,15,460,297,Non-Text,
000459.jpg,500,334,117,25,290,114,Non-Text,
000459.jpg,500,334,26,86,500,332,Non-Text,
000460.jpg,500,375,259,67,471,372,Non-Text,
000461.jpg,500,333,9,100,323,231,Non-Text,
000462.jpg,500,375,1,3,465,375,Non-Text,
000468.jpg,333,500,1,143,217,500,Non-Text,
000468.jpg,333,500,6,191,330,500,Non-Text,
000482.jpg,500,334,362,129,500,254,Non-Text,
000482.jpg,500,334,1,54,313,330,Non-Text,
000482.jpg,500,334,33,103,58,137,Non-Text,
000486.jpg,375,500,34,25,337,404,Non-Text,
000503.jpg,500,375,373,142,500,374,Non-Text,
000503.jpg,500,375,14,146,137,361,Non-Text,
000508.jpg,500,375,435,18,500,169,Non-Text,
000508.jpg,500,375,247,139,412,375,Non-Text,
000508.jpg,500,375,164,47,326,231,Non-Text,
000508.jpg,500,375,19,100,156,327,Non-Text,
000508.jpg,500,375,155,127,288,329,Non-Text,
000513.jpg,500,333,162,127,290,190,Non-Text,
000522.jpg,500,375,36,128,434,271,Non-Text,
000528.jpg,500,375,124,68,319,310,Non-Text,
000530.jpg,332,500,1,113,183,408,Non-Text,
000530.jpg,332,500,61,111,324,476,Non-Text,
000530.jpg,332,500,159,61,217,168,Non-Text,
000530.jpg,332,500,315,97,332,155,Non-Text,
000530.jpg,332,500,37,171,332,471,Non-Text,
000537.jpg,500,400,111,12,396,400,Non-Text,
000541.jpg,500,333,113,195,150,213,Non-Text,
000541.jpg,500,333,224,193,268,208,Non-Text,
000541.jpg,500,333,237,194,272,212,Non-Text,
000541.jpg,500,333,248,196,287,214,Non-Text,
000541.jpg,500,333,259,194,335,219,Non-Text,
000541.jpg,500,333,95,191,124,195,Non-Text,
000541.jpg,500,333,79,202,156,221,Non-Text,
000541.jpg,500,333,155,205,169,222,Non-Text,
000544.jpg,500,333,286,93,491,229,Non-Text,
000544.jpg,500,333,1,66,307,326,Non-Text,
000563.jpg,500,375,164,165,450,210,Non-Text,
000601.jpg,500,348,300,1,500,168,Non-Text,
000601.jpg,500,348,168,34,420,190,Non-Text,
000601.jpg,500,348,1,57,450,348,Non-Text,
000605.jpg,500,375,321,175,386,192,Non-Text,
000608.jpg,500,375,139,14,220,142,Non-Text,
000608.jpg,500,375,12,110,420,286,Non-Text,
000609.jpg,500,375,16,134,460,275,Non-Text,
000619.jpg,500,333,143,12,459,322,Non-Text,
000622.jpg,500,375,156,87,401,339,Non-Text,
000626.jpg,500,400,141,23,313,298,Non-Text,
000626.jpg,500,400,108,35,188,146,Non-Text,
000626.jpg,500,400,32,44,116,128,Non-Text,
000626.jpg,500,400,185,32,220,105,Non-Text,
000633.jpg,500,375,300,122,433,240,Non-Text,
000633.jpg,500,375,2,22,339,375,Non-Text,
000654.jpg,500,333,155,130,231,175,Non-Text,
000654.jpg,500,333,36,135,168,227,Non-Text,
000654.jpg,500,333,55,152,215,249,Non-Text,
000654.jpg,500,333,411,51,463,146,Non-Text,
000654.jpg,500,333,368,49,424,146,Non-Text,
000654.jpg,500,333,323,81,369,133,Non-Text,
000654.jpg,500,333,114,61,171,139,Non-Text,
000654.jpg,500,333,86,60,129,139,Non-Text,
000654.jpg,500,333,295,178,382,243,Non-Text,
000656.jpg,500,333,230,61,447,174,Non-Text,
000657.jpg,500,333,253,156,310,176,Non-Text,
000657.jpg,500,333,203,160,252,178,Non-Text,
000657.jpg,500,333,148,169,206,188,Non-Text,
000657.jpg,500,333,234,192,291,212,Non-Text,
000657.jpg,500,333,192,197,238,216,Non-Text,
000660.jpg,500,332,169,76,500,322,Non-Text,
000660.jpg,500,332,1,66,141,260,Non-Text,
000661.jpg,500,375,119,177,331,278,Non-Text,
000661.jpg,500,375,65,90,170,197,Non-Text,
000661.jpg,500,375,133,159,179,197,Non-Text,
000667.jpg,434,500,287,362,415,466,Non-Text,
000667.jpg,434,500,271,362,410,476,Non-Text,
000676.jpg,500,375,59,94,472,270,Non-Text,
000682.jpg,500,375,275,154,461,275,Non-Text,
000710.jpg,375,500,143,177,225,270,Non-Text,
000710.jpg,375,500,188,182,303,464,Non-Text,
000710.jpg,375,500,36,367,280,500,Non-Text,
000710.jpg,375,500,95,129,136,249,Non-Text,
000711.jpg,500,375,59,2,236,187,Non-Text,
000711.jpg,500,375,305,276,386,370,Non-Text,
000713.jpg,500,336,80,168,254,312,Non-Text,
000713.jpg,500,336,184,160,472,269,Non-Text,
000714.jpg,500,335,190,56,439,300,Non-Text,
000720.jpg,500,333,217,118,305,263,Non-Text,
000728.jpg,500,333,87,39,500,331,Non-Text,
000729.jpg,375,500,10,6,372,498,Non-Text,
000740.jpg,500,375,290,85,404,276,Non-Text,
000740.jpg,500,375,104,104,212,271,Non-Text,
000742.jpg,500,338,391,129,412,168,Non-Text,
000742.jpg,500,338,341,135,352,168,Non-Text,
000742.jpg,500,338,1,145,311,335,Non-Text,
000742.jpg,500,338,212,99,296,253,Non-Text,
000746.jpg,500,333,95,57,433,333,Non-Text,
000750.jpg,375,500,22,2,375,500,Non-Text,
000752.jpg,500,332,1,122,500,332,Non-Text,
000752.jpg,500,332,225,118,500,319,Non-Text,
000752.jpg,500,332,1,119,125,332,Non-Text,
000756.jpg,365,500,67,8,365,500,Non-Text,
000767.jpg,500,375,32,1,470,318,Non-Text,
000772.jpg,360,480,49,115,360,480,Non-Text,
000776.jpg,500,200,17,26,481,193,Non-Text,
000777.jpg,500,333,147,109,327,277,Non-Text,
000777.jpg,500,333,224,1,361,209,Non-Text,
000786.jpg,500,335,84,95,292,289,Non-Text,
000786.jpg,500,335,65,144,206,270,Non-Text,
000786.jpg,500,335,191,182,256,242,Non-Text,
000791.jpg,500,332,84,46,450,297,Non-Text,
000794.jpg,500,375,220,208,302,272,Non-Text,
000796.jpg,500,375,165,118,418,316,Non-Text,
000808.jpg,500,333,77,1,415,333,Non-Text,
000815.jpg,500,374,286,143,481,224,Non-Text,
000815.jpg,500,374,10,104,322,236,Non-Text,
000820.jpg,500,375,180,140,368,307,Non-Text,
000820.jpg,500,375,348,43,412,71,Non-Text,
000823.jpg,500,334,49,160,343,265,Non-Text,
000827.jpg,500,333,214,153,250,199,Non-Text,
000827.jpg,500,333,250,160,310,202,Non-Text,
000829.jpg,500,375,217,166,452,280,Non-Text,
000829.jpg,500,375,1,171,199,290,Non-Text,
000829.jpg,500,375,355,1,385,20,Non-Text,
000829.jpg,500,375,89,115,174,170,Non-Text,
000829.jpg,500,375,476,125,500,160,Non-Text,
000829.jpg,500,375,52,13,81,39,Non-Text,
000829.jpg,500,375,16,285,80,336,Non-Text,
000829.jpg,500,375,468,315,492,351,Non-Text,
000829.jpg,500,375,459,331,500,372,Non-Text,
000830.jpg,500,375,124,182,352,370,Non-Text,
000830.jpg,500,375,150,221,259,375,Non-Text,
000830.jpg,500,375,252,201,348,347,Non-Text,
000830.jpg,500,375,250,175,318,248,Non-Text,
000832.jpg,375,500,89,38,337,500,Non-Text,
000847.jpg,375,500,1,279,208,500,Non-Text,
000847.jpg,375,500,61,111,296,500,Non-Text,
000849.jpg,200,368,23,56,159,328,Non-Text,
000850.jpg,500,375,213,71,334,209,Non-Text,
000862.jpg,500,375,305,131,318,151,Non-Text,
000862.jpg,500,375,304,142,354,160,Non-Text,
000863.jpg,500,317,171,39,472,283,Non-Text,
000863.jpg,500,317,12,16,151,284,Non-Text,
000867.jpg,375,500,172,96,230,191,Non-Text,
000871.jpg,500,375,8,114,491,292,Non-Text,
000874.jpg,500,332,2,2,387,332,Non-Text,
000876.jpg,500,334,117,31,376,329,Non-Text,
000876.jpg,500,334,261,14,398,132,Non-Text,
000879.jpg,500,375,102,95,266,375,Non-Text,
000879.jpg,500,375,252,132,320,375,Non-Text,
000882.jpg,500,357,82,37,500,357,Non-Text,
000888.jpg,500,347,295,204,351,245,Non-Text,
000888.jpg,500,347,72,208,209,319,Non-Text,
000888.jpg,500,347,192,206,226,245,Non-Text,
000889.jpg,374,500,37,287,186,486,Non-Text,
000889.jpg,374,500,181,362,302,458,Non-Text,
000889.jpg,374,500,188,2,327,394,Non-Text,
000898.jpg,500,375,1,115,499,361,Non-Text,
000898.jpg,500,375,297,195,351,233,Non-Text,
000900.jpg,500,375,260,135,342,269,Non-Text,
000900.jpg,500,375,150,172,215,269,Non-Text,
000900.jpg,500,375,101,170,188,252,Non-Text,
000912.jpg,500,334,153,33,500,334,Non-Text,
000919.jpg,500,331,39,82,352,330,Non-Text,
000947.jpg,238,500,36,43,217,474,Non-Text,
000954.jpg,500,332,1,130,399,322,Non-Text,
000954.jpg,500,332,1,1,118,32,Non-Text,
000958.jpg,400,300,1,90,327,299,Non-Text,
000962.jpg,500,375,4,137,493,375,Non-Text,
000962.jpg,500,375,365,1,458,149,Non-Text,
000964.jpg,500,333,167,86,288,304,Non-Text,
000964.jpg,500,333,185,70,281,227,Non-Text,
000973.jpg,500,375,30,51,488,331,Non-Text,
000977.jpg,500,333,149,271,179,295,Non-Text,
000977.jpg,500,333,36,262,94,309,Non-Text,
000977.jpg,500,333,178,245,263,319,Non-Text,
000977.jpg,500,333,258,266,293,296,Non-Text,
000977.jpg,500,333,321,253,397,333,Non-Text,
000977.jpg,500,333,327,259,454,332,Non-Text,
000980.jpg,500,333,115,46,500,321,Non-Text,
000989.jpg,500,333,52,117,109,177,Non-Text,
000997.jpg,500,375,1,196,205,375,Non-Text,
000997.jpg,500,375,381,144,459,209,Non-Text,
001001.jpg,500,375,62,64,325,375,Non-Text,
001001.jpg,500,375,315,102,427,356,Non-Text,
001001.jpg,500,375,169,1,500,375,Non-Text,
001002.jpg,375,500,199,384,375,483,Non-Text,
001002.jpg,375,500,102,366,213,416,Non-Text,
001002.jpg,375,500,22,341,103,396,Non-Text,
001002.jpg,375,500,1,341,28,374,Non-Text,
001004.jpg,500,375,143,152,235,197,Non-Text,
001008.jpg,500,375,220,154,300,280,Non-Text,
001009.jpg,500,375,33,11,500,375,Non-Text,
001009.jpg,500,375,4,44,263,316,Non-Text,
001015.jpg,500,333,96,133,110,163,Non-Text,
001015.jpg,500,333,212,155,235,184,Non-Text,
001015.jpg,500,333,392,188,418,209,Non-Text,
001024.jpg,500,375,121,1,429,90,Non-Text,
001024.jpg,500,375,1,30,386,375,Non-Text,
001028.jpg,406,500,335,221,394,298,Non-Text,
001028.jpg,406,500,52,231,301,500,Non-Text,
001028.jpg,406,500,7,29,406,493,Non-Text,
001028.jpg,406,500,359,164,406,229,Non-Text,
001028.jpg,406,500,306,174,357,232,Non-Text,
001028.jpg,406,500,285,173,321,221,Non-Text,
001036.jpg,500,375,63,186,124,374,Non-Text,
001036.jpg,500,375,1,178,35,373,Non-Text,
001036.jpg,500,375,143,87,228,191,Non-Text,
001036.jpg,500,375,227,5,500,375,Non-Text,
001036.jpg,500,375,110,188,361,375,Non-Text,
001041.jpg,500,375,143,138,283,265,Non-Text,
001042.jpg,500,375,222,248,298,319,Non-Text,
001042.jpg,500,375,325,259,364,323,Non-Text,
001042.jpg,500,375,206,244,253,319,Non-Text,
001042.jpg,500,375,149,174,220,322,Non-Text,
001042.jpg,500,375,277,163,334,347,Non-Text,
001042.jpg,500,375,362,163,409,336,Non-Text,
001043.jpg,500,333,61,9,482,309,Non-Text,
001053.jpg,323,500,24,11,285,482,Non-Text,
001056.jpg,500,334,167,166,415,334,Non-Text,
001056.jpg,500,334,1,1,350,300,Non-Text,
001060.jpg,500,378,411,183,500,212,Non-Text,
001060.jpg,500,378,155,197,183,234,Non-Text,
001060.jpg,500,378,157,172,187,232,Non-Text,
001061.jpg,500,375,323,33,449,128,Non-Text,
001061.jpg,500,375,320,116,489,375,Non-Text,
001061.jpg,500,375,1,1,321,375,Non-Text,
001119.jpg,500,333,250,178,343,215,Non-Text,
001124.jpg,500,326,189,140,257,213,Non-Text,
001124.jpg,500,326,341,194,369,205,Non-Text,
001127.jpg,500,375,42,125,203,330,Non-Text,
001127.jpg,500,375,195,136,295,288,Non-Text,
001127.jpg,500,375,283,113,496,241,Non-Text,
001127.jpg,500,375,1,2,500,337,Non-Text,
001129.jpg,500,270,2,29,500,270,Non-Text,
001129.jpg,500,270,217,38,500,179,Non-Text,
001129.jpg,500,270,1,51,186,168,Non-Text,
001130.jpg,500,375,114,107,296,266,Non-Text,
001136.jpg,500,500,35,153,500,375,Non-Text,
001136.jpg,500,500,298,68,422,133,Non-Text,
001136.jpg,500,500,248,155,291,222,Non-Text,
001136.jpg,500,500,324,182,358,204,Non-Text,
001136.jpg,500,500,40,337,121,401,Non-Text,
001136.jpg,500,500,60,446,94,477,Non-Text,
001136.jpg,500,500,133,364,176,383,Non-Text,
001136.jpg,500,500,274,362,320,385,Non-Text,
001136.jpg,500,500,369,398,415,426,Non-Text,
001136.jpg,500,500,211,447,249,479,Non-Text,
001137.jpg,500,333,174,117,272,333,Non-Text,
001137.jpg,500,333,242,74,347,333,Non-Text,
001140.jpg,375,500,257,312,323,407,Non-Text,
001140.jpg,375,500,57,298,157,465,Non-Text,
001140.jpg,375,500,169,64,260,402,Non-Text,
001142.jpg,500,375,1,142,164,371,Non-Text,
001142.jpg,500,375,89,90,177,242,Non-Text,
001142.jpg,500,375,242,104,267,166,Non-Text,
001142.jpg,500,375,213,107,245,159,Non-Text,
001142.jpg,500,375,171,113,191,163,Non-Text,
001142.jpg,500,375,191,117,206,163,Non-Text,
001142.jpg,500,375,206,111,221,162,Non-Text,
001143.jpg,375,500,14,40,373,475,Non-Text,
001145.jpg,375,500,1,204,149,493,Non-Text,
001145.jpg,375,500,114,117,304,416,Non-Text,
001145.jpg,375,500,126,1,241,322,Non-Text,
001145.jpg,375,500,230,433,375,500,Non-Text,
001147.jpg,500,333,19,2,497,333,Non-Text,
001148.jpg,500,375,222,167,248,187,Non-Text,
001149.jpg,500,375,148,138,403,302,Non-Text,
001149.jpg,500,375,75,85,146,153,Non-Text,
001149.jpg,500,375,1,7,142,375,Non-Text,
001151.jpg,500,331,93,109,316,325,Non-Text,
001151.jpg,500,331,263,3,428,329,Non-Text,
001151.jpg,500,331,221,1,329,196,Non-Text,
001154.jpg,500,375,1,233,174,375,Non-Text,
001154.jpg,500,375,134,230,171,274,Non-Text,
001156.jpg,500,399,100,80,414,324,Non-Text,
001158.jpg,500,375,267,1,499,350,Non-Text,
001158.jpg,500,375,1,2,259,359,Non-Text,
001166.jpg,500,375,329,100,379,160,Non-Text,
001168.jpg,500,375,1,1,403,375,Non-Text,
001168.jpg,500,375,279,73,500,375,Non-Text,
001171.jpg,500,331,156,223,322,331,Non-Text,
001171.jpg,500,331,4,59,66,243,Non-Text,
001171.jpg,500,331,144,85,229,251,Non-Text,
001171.jpg,500,331,290,66,479,331,Non-Text,
001174.jpg,500,375,1,273,250,375,Non-Text,
001174.jpg,500,375,315,203,380,314,Non-Text,
001174.jpg,500,375,246,213,319,330,Non-Text,
001174.jpg,500,375,143,202,187,293,Non-Text,
001174.jpg,500,375,185,208,373,325,Non-Text,
001182.jpg,500,375,125,149,403,294,Non-Text,
001182.jpg,500,375,100,124,218,183,Non-Text,
001184.jpg,500,375,81,279,207,356,Non-Text,
001185.jpg,500,375,197,199,289,323,Non-Text,
001185.jpg,500,375,78,78,289,375,Non-Text,
001185.jpg,500,375,204,223,500,375,Non-Text,
001185.jpg,500,375,452,131,500,253,Non-Text,
001186.jpg,375,500,162,231,189,283,Non-Text,
001186.jpg,375,500,154,196,192,270,Non-Text,
001187.jpg,375,500,21,410,230,500,Non-Text,
001187.jpg,375,500,185,363,366,500,Non-Text,
001187.jpg,375,500,107,270,360,396,Non-Text,
001191.jpg,500,375,1,3,298,375,Non-Text,
001192.jpg,500,375,294,172,372,317,Non-Text,
001192.jpg,500,375,148,107,216,234,Non-Text,
001194.jpg,500,375,72,180,281,340,Non-Text,
001200.jpg,500,339,16,8,475,321,Non-Text,
001203.jpg,350,240,31,6,327,208,Non-Text,
001205.jpg,500,335,88,76,314,263,Non-Text,
001206.jpg,500,375,274,1,429,288,Non-Text,
001206.jpg,500,375,172,141,236,326,Non-Text,
001207.jpg,500,375,125,77,500,375,Non-Text,
001209.jpg,500,375,196,96,273,238,Non-Text,
001211.jpg,409,500,267,215,409,500,Non-Text,
001211.jpg,409,500,1,9,224,281,Non-Text,
001211.jpg,409,500,4,125,364,500,Non-Text,
001212.jpg,500,375,107,166,299,329,Non-Text,
001212.jpg,500,375,207,25,355,159,Non-Text,
001212.jpg,500,375,277,67,357,226,Non-Text,
001212.jpg,500,375,375,78,500,370,Non-Text,
001212.jpg,500,375,401,28,467,125,Non-Text,
001212.jpg,500,375,376,57,430,129,Non-Text,
001212.jpg,500,375,178,3,238,56,Non-Text,
001214.jpg,500,375,43,187,141,354,Non-Text,
001214.jpg,500,375,1,227,46,375,Non-Text,
001214.jpg,500,375,203,144,244,203,Non-Text,
001214.jpg,500,375,122,150,205,209,Non-Text,
001214.jpg,500,375,240,165,500,375,Non-Text,
001225.jpg,387,500,100,212,303,414,Non-Text,
001226.jpg,500,333,105,50,499,274,Non-Text,
001230.jpg,500,399,68,154,399,253,Non-Text,
001231.jpg,500,375,223,127,307,213,Non-Text,
001231.jpg,500,375,54,142,181,263,Non-Text,
001231.jpg,500,375,295,177,500,375,Non-Text,
001233.jpg,333,500,64,143,257,500,Non-Text,
001236.jpg,500,399,69,111,432,362,Non-Text,
001236.jpg,500,399,223,28,309,253,Non-Text,
001259.jpg,500,334,220,152,282,310,Non-Text,
001259.jpg,500,334,190,155,242,307,Non-Text,
001259.jpg,500,334,166,201,229,308,Non-Text,
001260.jpg,500,375,167,85,245,140,Non-Text,
001265.jpg,327,500,8,44,313,469,Non-Text,
001269.jpg,500,333,108,92,389,333,Non-Text,
001272.jpg,500,414,182,87,242,202,Non-Text,
001272.jpg,500,414,181,154,300,264,Non-Text,
001272.jpg,500,414,103,22,469,414,Non-Text,
001273.jpg,440,500,53,132,392,419,Non-Text,
001274.jpg,375,500,138,196,230,344,Non-Text,
001289.jpg,500,309,157,98,355,188,Non-Text,
001290.jpg,500,410,26,170,477,336,Non-Text,
001292.jpg,500,375,363,180,412,344,Non-Text,
001292.jpg,500,375,61,63,308,338,Non-Text,
001292.jpg,500,375,242,45,266,103,Non-Text,
001292.jpg,500,375,186,69,215,89,Non-Text,
001292.jpg,500,375,154,62,225,97,Non-Text,
001293.jpg,500,492,3,14,451,491,Non-Text,
001298.jpg,500,375,313,60,432,193,Non-Text,
001298.jpg,500,375,193,167,324,280,Non-Text,
001298.jpg,500,375,107,107,208,262,Non-Text,
001298.jpg,500,375,3,2,426,252,Non-Text,
001299.jpg,429,500,39,26,229,412,Non-Text,
001299.jpg,429,500,211,240,319,408,Non-Text,
001299.jpg,429,500,318,221,408,435,Non-Text,
001304.jpg,333,500,143,184,175,264,Non-Text,
001304.jpg,333,500,142,225,174,288,Non-Text,
001310.jpg,500,375,163,198,284,338,Non-Text,
001310.jpg,500,375,263,90,381,326,Non-Text,
001310.jpg,500,375,67,110,104,199,Non-Text,
001310.jpg,500,375,19,132,43,166,Non-Text,
001310.jpg,500,375,19,164,61,206,Non-Text,
001312.jpg,500,375,1,1,480,318,Non-Text,
001314.jpg,500,333,68,2,369,323,Non-Text,
001375.jpg,500,410,170,9,500,383,Non-Text,
001378.jpg,383,500,1,176,189,481,Non-Text,
001378.jpg,383,500,182,90,350,404,Non-Text,
001385.jpg,500,332,179,118,365,194,Non-Text,
001385.jpg,500,332,104,156,179,189,Non-Text,
001385.jpg,500,332,46,157,89,188,Non-Text,
001387.jpg,375,500,38,43,375,466,Non-Text,
001387.jpg,375,500,213,138,375,465,Non-Text,
001388.jpg,500,414,2,2,500,414,Non-Text,
001388.jpg,500,414,61,9,432,400,Non-Text,
001390.jpg,500,333,196,55,228,184,Non-Text,
001390.jpg,500,333,70,55,114,230,Non-Text,
001390.jpg,500,333,235,62,281,187,Non-Text,
001390.jpg,500,333,1,142,77,333,Non-Text,
001390.jpg,500,333,269,57,319,202,Non-Text,
001395.jpg,500,375,35,24,499,375,Non-Text,
001397.jpg,333,500,128,121,214,263,Non-Text,
001400.jpg,375,500,121,199,340,318,Non-Text,
001402.jpg,500,375,213,66,443,301,Non-Text,
001402.jpg,500,375,1,118,369,375,Non-Text,
001402.jpg,500,375,433,51,494,124,Non-Text,
001404.jpg,500,375,57,22,443,361,Non-Text,
001405.jpg,332,500,83,59,273,435,Non-Text,
001405.jpg,332,500,135,89,271,453,Non-Text,
001413.jpg,500,375,373,163,482,256,Non-Text,
001413.jpg,500,375,189,130,234,174,Non-Text,
001413.jpg,500,375,96,155,149,188,Non-Text,
001413.jpg,500,375,3,167,22,242,Non-Text,
001413.jpg,500,375,172,177,237,243,Non-Text,
001413.jpg,500,375,256,181,323,273,Non-Text,
001413.jpg,500,375,83,227,162,309,Non-Text,
001413.jpg,500,375,134,211,210,290,Non-Text,
001413.jpg,500,375,118,188,157,226,Non-Text,
001421.jpg,375,500,189,1,372,438,Non-Text,
001421.jpg,375,500,116,181,374,476,Non-Text,
001421.jpg,375,500,1,295,107,401,Non-Text,
001421.jpg,375,500,3,385,375,500,Non-Text,
001436.jpg,500,335,185,125,330,167,Non-Text,
001439.jpg,375,500,4,324,375,500,Non-Text,
001439.jpg,375,500,195,282,273,336,Non-Text,
001442.jpg,500,333,73,68,429,333,Non-Text,
001443.jpg,500,374,33,32,314,373,Non-Text,
001443.jpg,500,374,1,95,124,374,Non-Text,
001453.jpg,500,375,176,29,297,306,Non-Text,
001457.jpg,500,375,136,121,350,264,Non-Text,
001457.jpg,500,375,432,212,500,375,Non-Text,
001460.jpg,500,333,138,68,225,242,Non-Text,
001460.jpg,500,333,119,128,315,282,Non-Text,
001463.jpg,500,375,89,4,333,342,Non-Text,
001463.jpg,500,375,289,284,305,314,Non-Text,
001467.jpg,500,375,253,81,475,241,Non-Text,
001468.jpg,400,267,138,64,250,256,Non-Text,
001468.jpg,400,267,22,106,166,237,Non-Text,
001468.jpg,400,267,214,110,254,209,Non-Text,
001479.jpg,500,375,144,88,500,375,Non-Text,
001479.jpg,500,375,337,45,470,166,Non-Text,
001481.jpg,500,375,225,161,281,252,Non-Text,
001484.jpg,476,300,1,1,243,125,Non-Text,
001484.jpg,476,300,251,141,278,172,Non-Text,
001486.jpg,500,375,110,61,461,269,Non-Text,
001490.jpg,500,333,199,105,382,326,Non-Text,
001490.jpg,500,333,296,111,326,171,Non-Text,
001490.jpg,500,333,276,107,303,166,Non-Text,
001498.jpg,375,500,51,14,359,500,Non-Text,
001498.jpg,375,500,2,224,93,487,Non-Text,
001501.jpg,500,374,327,187,366,257,Non-Text,
001501.jpg,500,374,330,148,376,244,Non-Text,
001510.jpg,500,375,149,55,220,241,Non-Text,
001510.jpg,500,375,366,91,397,117,Non-Text,
001510.jpg,500,375,357,103,407,167,Non-Text,
001510.jpg,500,375,97,148,312,247,Non-Text,
001512.jpg,500,333,160,130,435,232,Non-Text,
001515.jpg,409,500,60,13,361,500,Non-Text,
001517.jpg,500,375,19,109,416,291,Non-Text,
001517.jpg,500,375,4,3,499,375,Non-Text,
001522.jpg,500,375,309,46,377,241,Non-Text,
001522.jpg,500,375,217,100,272,247,Non-Text,
001524.jpg,500,370,185,158,216,230,Non-Text,
001524.jpg,500,370,139,84,205,212,Non-Text,
001524.jpg,500,370,281,70,339,210,Non-Text,
001528.jpg,383,500,46,76,372,348,Non-Text,
001536.jpg,500,375,62,57,406,322,Non-Text,
001536.jpg,500,375,112,172,309,281,Non-Text,
001537.jpg,500,332,414,87,500,243,Non-Text,
001537.jpg,500,332,363,241,500,313,Non-Text,
001537.jpg,500,332,104,16,367,332,Non-Text,
001537.jpg,500,332,385,212,408,278,Non-Text,
001539.jpg,500,375,102,167,357,350,Non-Text,
001541.jpg,500,332,1,8,450,316,Non-Text,
001544.jpg,500,375,1,1,440,375,Non-Text,
001545.jpg,500,375,132,171,338,240,Non-Text,
001548.jpg,500,375,133,145,287,328,Non-Text,
001548.jpg,500,375,63,254,147,313,Non-Text,
001548.jpg,500,375,1,248,42,307,Non-Text,
001554.jpg,500,375,241,170,423,227,Non-Text,
001554.jpg,500,375,26,20,231,330,Non-Text,
001556.jpg,500,332,72,39,159,255,Non-Text,
001556.jpg,500,332,323,31,435,292,Non-Text,
001571.jpg,500,331,150,2,481,330,Non-Text,
001571.jpg,500,331,113,7,256,331,Non-Text,
001571.jpg,500,331,103,1,253,242,Non-Text,
001571.jpg,500,331,212,1,270,65,Non-Text,
001579.jpg,375,500,1,302,217,500,Non-Text,
001579.jpg,375,500,36,254,324,441,Non-Text,
001579.jpg,375,500,114,135,269,406,Non-Text,
001579.jpg,375,500,1,157,128,479,Non-Text,
001582.jpg,500,375,338,176,500,365,Non-Text,
001582.jpg,500,375,1,78,124,168,Non-Text,
001588.jpg,500,333,1,135,59,234,Non-Text,
001588.jpg,500,333,100,130,251,217,Non-Text,
001588.jpg,500,333,302,133,500,286,Non-Text,
001590.jpg,375,500,148,223,231,450,Non-Text,
001590.jpg,375,500,303,40,375,324,Non-Text,
001593.jpg,423,500,125,128,276,433,Non-Text,
001593.jpg,423,500,195,336,382,500,Non-Text,
001593.jpg,423,500,264,259,339,355,Non-Text,
001593.jpg,423,500,315,242,412,424,Non-Text,
001593.jpg,423,500,17,238,128,410,Non-Text,
001593.jpg,423,500,17,425,423,500,Non-Text,
001593.jpg,423,500,334,77,423,363,Non-Text,
001594.jpg,500,333,270,153,334,208,Non-Text,
001594.jpg,500,333,231,153,269,209,Non-Text,
001594.jpg,500,333,179,149,206,210,Non-Text,
001594.jpg,500,333,151,142,180,210,Non-Text,
001594.jpg,500,333,206,150,239,212,Non-Text,
001594.jpg,500,333,335,93,400,218,Non-Text,
001594.jpg,500,333,253,177,302,238,Non-Text,
001598.jpg,500,333,269,262,312,311,Non-Text,
001598.jpg,500,333,222,252,247,297,Non-Text,
001598.jpg,500,333,168,258,198,291,Non-Text,
001598.jpg,500,333,150,243,173,267,Non-Text,
001598.jpg,500,333,4,255,33,274,Non-Text,
001598.jpg,500,333,355,234,380,248,Non-Text,
001598.jpg,500,333,143,245,160,255,Non-Text,
001598.jpg,500,333,107,240,124,253,Non-Text,
001598.jpg,500,333,38,246,61,261,Non-Text,
001598.jpg,500,333,15,248,31,262,Non-Text,
001598.jpg,500,333,325,227,339,238,Non-Text,
001598.jpg,500,333,386,225,400,237,Non-Text,
001598.jpg,500,333,414,228,431,242,Non-Text,
001598.jpg,500,333,447,227,463,238,Non-Text,
001598.jpg,500,333,472,223,486,237,Non-Text,
001607.jpg,500,375,21,1,500,374,Non-Text,
001608.jpg,500,375,3,1,500,375,Non-Text,
001610.jpg,500,375,16,56,368,276,Non-Text,
001614.jpg,500,375,158,43,436,372,Non-Text,
001614.jpg,500,375,100,231,154,319,Non-Text,
001614.jpg,500,375,416,100,500,364,Non-Text,
001614.jpg,500,375,367,252,440,315,Non-Text,
001632.jpg,500,375,11,103,450,371,Non-Text,
001633.jpg,500,375,71,177,419,373,Non-Text,
001633.jpg,500,375,206,210,388,374,Non-Text,
001633.jpg,500,375,116,165,263,364,Non-Text,
001638.jpg,500,333,187,83,337,236,Non-Text,
001642.jpg,381,463,11,2,331,463,Non-Text,
001643.jpg,500,333,1,1,486,326,Non-Text,
001643.jpg,500,333,1,42,472,323,Non-Text,
001647.jpg,375,500,1,231,227,500,Non-Text,
001661.jpg,500,375,107,199,330,374,Non-Text,
001669.jpg,375,500,21,75,364,337,Non-Text,
001673.jpg,500,375,36,110,440,319,Non-Text,
001673.jpg,500,375,418,1,482,131,Non-Text,
001680.jpg,375,500,91,104,331,500,Non-Text,
001684.jpg,500,422,17,6,465,422,Non-Text,
001693.jpg,500,333,2,93,458,312,Non-Text,
001699.jpg,500,332,43,56,424,332,Non-Text,
001699.jpg,500,332,2,115,57,182,Non-Text,
001707.jpg,426,500,10,130,378,499,Non-Text,
001713.jpg,500,435,35,64,479,356,Non-Text,
001714.jpg,332,500,127,302,208,357,Non-Text,
001718.jpg,500,333,97,14,439,333,Non-Text,
001724.jpg,275,315,35,15,219,302,Non-Text,
001730.jpg,500,375,214,110,376,323,Non-Text,
001730.jpg,500,375,269,36,341,203,Non-Text,
001730.jpg,500,375,162,84,239,368,Non-Text,
001732.jpg,500,332,33,171,118,225,Non-Text,
001732.jpg,500,332,172,143,242,189,Non-Text,
001732.jpg,500,332,225,140,259,160,Non-Text,
001732.jpg,500,332,252,121,297,142,Non-Text,
001732.jpg,500,332,254,105,319,131,Non-Text,
001732.jpg,500,332,291,92,340,118,Non-Text,
001732.jpg,500,332,327,123,380,159,Non-Text,
001732.jpg,500,332,369,150,442,196,Non-Text,
001732.jpg,500,332,348,191,444,289,Non-Text,
001733.jpg,500,500,1,270,82,329,Non-Text,
001733.jpg,500,500,236,275,294,326,Non-Text,
001733.jpg,500,500,180,275,235,365,Non-Text,
001733.jpg,500,500,132,261,167,287,Non-Text,
001733.jpg,500,500,104,252,116,269,Non-Text,
001733.jpg,500,500,56,254,82,275,Non-Text,
001733.jpg,500,500,23,263,42,274,Non-Text,
001733.jpg,500,500,8,254,25,271,Non-Text,
001733.jpg,500,500,30,256,45,269,Non-Text,
001733.jpg,500,500,203,256,215,267,Non-Text,
001733.jpg,500,500,165,260,183,281,Non-Text,
001733.jpg,500,500,217,259,231,266,Non-Text,
001733.jpg,500,500,255,264,270,278,Non-Text,
001733.jpg,500,500,270,266,287,276,Non-Text,
001733.jpg,500,500,361,264,376,276,Non-Text,
001733.jpg,500,500,338,262,351,272,Non-Text,
001733.jpg,500,500,324,262,342,274,Non-Text,
001733.jpg,500,500,312,260,323,274,Non-Text,
001733.jpg,500,500,297,259,312,274,Non-Text,
001734.jpg,500,375,100,84,441,313,Non-Text,
001738.jpg,500,375,125,68,323,300,Non-Text,
001739.jpg,333,500,149,178,214,317,Non-Text,
001741.jpg,400,254,1,111,115,251,Non-Text,
001741.jpg,400,254,332,133,375,156,Non-Text,
001747.jpg,500,375,92,4,383,375,Non-Text,
001749.jpg,375,500,24,26,333,498,Non-Text,
001750.jpg,500,333,250,71,335,134,Non-Text,
001750.jpg,500,333,174,88,252,157,Non-Text,
001750.jpg,500,333,107,31,155,100,Non-Text,
001750.jpg,500,333,402,16,464,53,Non-Text,
001750.jpg,500,333,256,185,344,249,Non-Text,
001750.jpg,500,333,172,188,256,249,Non-Text,
001750.jpg,500,333,340,219,405,272,Non-Text,
001750.jpg,500,333,404,221,467,277,Non-Text,
001750.jpg,500,333,115,211,157,273,Non-Text,
001755.jpg,500,333,61,17,500,333,Non-Text,
001755.jpg,500,333,166,3,500,134,Non-Text,
001758.jpg,374,500,203,227,282,375,Non-Text,
001758.jpg,374,500,4,108,232,500,Non-Text,
001759.jpg,500,375,2,153,197,375,Non-Text,
001759.jpg,500,375,160,114,366,375,Non-Text,
001759.jpg,500,375,298,2,500,375,Non-Text,
001759.jpg,500,375,1,3,300,181,Non-Text,
001768.jpg,375,500,1,63,261,344,Non-Text,
001775.jpg,500,333,218,101,325,291,Non-Text,
001775.jpg,500,333,97,229,113,294,Non-Text,
001778.jpg,500,375,97,39,404,284,Non-Text,
001782.jpg,500,429,74,67,500,429,Non-Text,
001784.jpg,500,335,192,2,500,335,Non-Text,
001785.jpg,500,333,62,1,500,332,Non-Text,
001787.jpg,500,375,147,101,277,347,Non-Text,
001789.jpg,500,375,1,84,159,288,Non-Text,
001789.jpg,500,375,197,98,323,256,Non-Text,
001789.jpg,500,375,363,73,500,260,Non-Text,
001789.jpg,500,375,359,206,386,278,Non-Text,
001789.jpg,500,375,357,234,477,375,Non-Text,
001795.jpg,500,375,178,141,301,281,Non-Text,
001800.jpg,375,500,2,181,372,499,Non-Text,
001800.jpg,375,500,84,72,242,371,Non-Text,
001806.jpg,328,500,274,192,328,361,Non-Text,
001806.jpg,328,500,114,266,180,376,Non-Text,
001806.jpg,328,500,60,213,162,382,Non-Text,
001806.jpg,328,500,117,157,209,375,Non-Text,
001807.jpg,500,333,290,115,411,224,Non-Text,
001807.jpg,500,333,201,136,296,216,Non-Text,
001807.jpg,500,333,54,105,196,192,Non-Text,
001807.jpg,500,333,330,100,363,194,Non-Text,
001807.jpg,500,333,238,103,267,185,Non-Text,
001807.jpg,500,333,113,85,150,169,Non-Text,
001809.jpg,436,500,9,252,85,367,Non-Text,
001809.jpg,436,500,19,273,78,341,Non-Text,
001809.jpg,436,500,330,252,431,461,Non-Text,
001816.jpg,500,375,1,36,369,250,Non-Text,
001818.jpg,500,332,113,3,500,332,Non-Text,
001821.jpg,500,375,92,125,362,248,Non-Text,
001821.jpg,500,375,5,60,53,113,Non-Text,
001825.jpg,500,375,1,39,403,300,Non-Text,
001825.jpg,500,375,1,3,500,372,Non-Text,
001828.jpg,333,500,35,1,304,238,Non-Text,
001828.jpg,333,500,2,33,289,445,Non-Text,
001828.jpg,333,500,38,123,298,440,Non-Text,
001830.jpg,373,500,38,47,265,491,Non-Text,
001832.jpg,500,375,1,1,500,375,Non-Text,
001832.jpg,500,375,1,78,416,375,Non-Text,
001833.jpg,500,375,164,184,331,370,Non-Text,
001833.jpg,500,375,171,83,309,300,Non-Text,
001834.jpg,500,334,46,39,456,304,Non-Text,
001836.jpg,500,375,2,81,462,375,Non-Text,
001836.jpg,500,375,57,78,320,365,Non-Text,
001837.jpg,375,500,32,187,54,229,Non-Text,
001837.jpg,375,500,332,199,375,330,Non-Text,
001837.jpg,375,500,64,193,248,487,Non-Text,
001837.jpg,375,500,284,360,374,500,Non-Text,
001837.jpg,375,500,49,301,261,500,Non-Text,
001840.jpg,500,375,128,174,321,296,Non-Text,
001841.jpg,375,500,2,220,278,500,Non-Text,
001842.jpg,500,379,98,133,498,215,Non-Text,
001842.jpg,500,379,1,158,164,217,Non-Text,
001842.jpg,500,379,1,2,257,168,Non-Text,
001842.jpg,500,379,263,166,500,214,Non-Text,
001843.jpg,500,375,299,185,323,276,Non-Text,
001843.jpg,500,375,252,35,445,375,Non-Text,
001843.jpg,500,375,62,17,273,375,Non-Text,
001847.jpg,500,370,32,245,246,351,Non-Text,
001847.jpg,500,370,73,170,470,357,Non-Text,
001849.jpg,500,375,100,126,284,375,Non-Text,
001849.jpg,500,375,260,162,408,375,Non-Text,
001849.jpg,500,375,360,218,422,308,Non-Text,
001849.jpg,500,375,394,246,474,375,Non-Text,
001849.jpg,500,375,419,225,472,328,Non-Text,
001853.jpg,500,375,202,63,343,286,Non-Text,
001854.jpg,333,499,48,331,332,499,Non-Text,
001854.jpg,333,499,52,38,277,499,Non-Text,
001855.jpg,500,375,314,209,491,349,Non-Text,
001860.jpg,400,285,133,29,339,262,Non-Text,
001860.jpg,400,285,139,40,172,71,Non-Text,
001860.jpg,400,285,181,104,204,130,Non-Text,
001860.jpg,400,285,155,194,232,235,Non-Text,
001860.jpg,400,285,21,213,55,245,Non-Text,
001860.jpg,400,285,84,202,119,238,Non-Text,
001860.jpg,400,285,54,218,87,252,Non-Text,
001860.jpg,400,285,112,209,143,246,Non-Text,
001864.jpg,500,375,403,214,500,333,Non-Text,
001864.jpg,500,375,218,60,381,375,Non-Text,
001864.jpg,500,375,91,83,216,375,Non-Text,
001864.jpg,500,375,61,55,249,375,Non-Text,
001872.jpg,500,375,153,22,355,342,Non-Text,
001878.jpg,500,375,2,1,500,346,Non-Text,
001881.jpg,500,375,62,77,456,357,Non-Text,
001881.jpg,500,375,1,77,117,203,Non-Text,
001881.jpg,500,375,119,75,198,120,Non-Text,
001881.jpg,500,375,381,76,495,120,Non-Text,
001881.jpg,500,375,209,36,249,75,Non-Text,
001881.jpg,500,375,266,37,299,75,Non-Text,
009129.jpg,500,333,80,67,480,326,Non-Text,
009131.jpg,500,375,316,75,366,219,Non-Text,
009138.jpg,500,375,63,2,500,375,Non-Text,
009141.jpg,500,375,196,147,277,279,Non-Text,
009141.jpg,500,375,250,83,333,230,Non-Text,
009141.jpg,500,375,259,160,338,316,Non-Text,
009141.jpg,500,375,291,167,404,333,Non-Text,
009141.jpg,500,375,111,122,160,266,Non-Text,
009141.jpg,500,375,57,139,171,284,Non-Text,
009144.jpg,500,357,49,47,474,345,Non-Text,
009147.jpg,500,352,44,90,455,310,Non-Text,
009148.jpg,369,276,90,54,206,256,Non-Text,
009148.jpg,369,276,145,13,175,43,Non-Text,
009155.jpg,500,374,143,37,337,185,Non-Text,
009160.jpg,500,333,177,142,393,317,Non-Text,
009160.jpg,500,333,290,47,373,156,Non-Text,
009162.jpg,500,386,220,64,461,331,Non-Text,
009166.jpg,500,286,196,18,294,280,Non-Text,
009168.jpg,500,333,151,64,387,333,Non-Text,
009177.jpg,500,375,393,218,478,256,Non-Text,
009177.jpg,500,375,240,122,358,301,Non-Text,
009177.jpg,500,375,221,176,280,274,Non-Text,
009177.jpg,500,375,251,175,323,283,Non-Text,
009179.jpg,500,375,422,255,493,322,Non-Text,
009179.jpg,500,375,277,259,351,284,Non-Text,
009179.jpg,500,375,243,307,328,356,Non-Text,
009179.jpg,500,375,1,287,41,315,Non-Text,
009181.jpg,333,500,38,32,306,450,Non-Text,
009185.jpg,500,411,140,64,433,322,Non-Text,
009209.jpg,500,375,139,105,274,213,Non-Text,
009209.jpg,500,375,146,86,225,202,Non-Text,
009212.jpg,333,500,1,198,323,500,Non-Text,
009213.jpg,500,375,308,204,426,287,Non-Text,
009215.jpg,500,375,78,150,402,373,Non-Text,
009215.jpg,500,375,304,90,500,340,Non-Text,
009221.jpg,500,333,57,65,421,277,Non-Text,
009227.jpg,500,333,430,133,497,187,Non-Text,
009227.jpg,500,333,1,83,72,216,Non-Text,
009227.jpg,500,333,72,83,163,224,Non-Text,
009227.jpg,500,333,129,78,189,202,Non-Text,
009244.jpg,500,375,2,2,500,375,Non-Text,
009245.jpg,500,375,17,96,288,330,Non-Text,
009245.jpg,500,375,265,150,467,248,Non-Text,
009246.jpg,461,500,97,36,354,206,Non-Text,
009250.jpg,375,500,3,1,351,499,Non-Text,
009255.jpg,257,200,12,5,248,197,Non-Text,
009269.jpg,500,496,100,167,404,327,Non-Text,
009270.jpg,500,335,5,3,404,333,Non-Text,
009271.jpg,500,375,201,104,387,287,Non-Text,
009271.jpg,500,375,415,124,475,181,Non-Text,
009306.jpg,375,500,67,338,266,451,Non-Text,
009306.jpg,375,500,49,74,372,444,Non-Text,
009306.jpg,375,500,2,150,373,499,Non-Text,
009309.jpg,500,375,21,74,500,375,Non-Text,
009318.jpg,500,334,238,8,330,242,Non-Text,
009318.jpg,500,334,32,58,438,334,Non-Text,
009318.jpg,500,334,372,102,400,123,Non-Text,
009318.jpg,500,334,351,101,376,124,Non-Text,
009318.jpg,500,334,400,102,428,119,Non-Text,
009318.jpg,500,334,15,92,107,169,Non-Text,
009323.jpg,500,375,378,239,483,345,Non-Text,
009323.jpg,500,375,221,79,328,145,Non-Text,
009323.jpg,500,375,2,168,82,262,Non-Text,
009324.jpg,500,331,233,18,447,330,Non-Text,
009324.jpg,500,331,1,50,302,331,Non-Text,
009326.jpg,500,333,101,109,314,211,Non-Text,
009334.jpg,500,375,93,115,435,289,Non-Text,
009337.jpg,500,349,231,148,495,326,Non-Text,
009342.jpg,500,375,75,4,171,287,Non-Text,
009342.jpg,500,375,237,139,377,278,Non-Text,
009342.jpg,500,375,219,121,274,248,Non-Text,
009342.jpg,500,375,194,219,500,375,Non-Text,
009342.jpg,500,375,155,230,254,375,Non-Text,
009342.jpg,500,375,1,214,121,375,Non-Text,
009347.jpg,500,334,249,14,436,292,Non-Text,
009347.jpg,500,334,93,134,198,290,Non-Text,
009348.jpg,500,375,145,90,363,209,Non-Text,
009351.jpg,500,375,123,2,500,375,Non-Text,
009359.jpg,500,281,184,133,268,202,Non-Text,
009359.jpg,500,281,46,170,283,281,Non-Text,
009365.jpg,500,332,231,142,298,201,Non-Text,
009373.jpg,500,375,221,27,500,314,Non-Text,
009373.jpg,500,375,1,46,223,270,Non-Text,
009378.jpg,332,500,8,19,313,394,Non-Text,
009389.jpg,500,375,119,117,500,364,Non-Text,
009398.jpg,500,333,1,4,422,333,Non-Text,
009405.jpg,500,375,139,1,500,367,Non-Text,
009409.jpg,500,375,385,172,500,226,Non-Text,
009409.jpg,500,375,168,166,353,223,Non-Text,
009409.jpg,500,375,88,175,144,202,Non-Text,
009409.jpg,500,375,1,132,91,263,Non-Text,
009409.jpg,500,375,89,201,201,245,Non-Text,
009410.jpg,500,375,10,3,457,375,Non-Text,
009410.jpg,500,375,40,125,351,375,Non-Text,
009412.jpg,500,375,31,62,101,116,Non-Text,
009412.jpg,500,375,75,85,255,375,Non-Text,
009412.jpg,500,375,317,40,500,375,Non-Text,
009417.jpg,500,375,62,29,144,93,Non-Text,
009417.jpg,500,375,216,183,299,266,Non-Text,
009417.jpg,500,375,238,94,330,220,Non-Text,
009417.jpg,500,375,136,54,164,94,Non-Text,
009417.jpg,500,375,368,15,401,36,Non-Text,
009422.jpg,500,334,2,2,481,325,Non-Text,
009429.jpg,500,346,205,197,316,240,Non-Text,
009438.jpg,375,500,103,64,343,500,Non-Text,
009439.jpg,500,375,151,180,208,262,Non-Text,
009440.jpg,500,375,259,82,500,375,Non-Text,
009440.jpg,500,375,1,27,204,375,Non-Text,
009448.jpg,500,375,136,168,180,271,Non-Text,
009448.jpg,500,375,284,164,322,186,Non-Text,
009448.jpg,500,375,87,158,151,222,Non-Text,
009448.jpg,500,375,2,163,89,256,Non-Text,
009448.jpg,500,375,454,162,500,242,Non-Text,
009448.jpg,500,375,39,174,73,277,Non-Text,
009448.jpg,500,375,1,162,29,303,Non-Text,
009455.jpg,500,334,125,2,500,334,Non-Text,
009459.jpg,500,353,153,87,358,297,Non-Text,
009460.jpg,500,375,3,49,377,373,Non-Text,
009460.jpg,500,375,352,273,500,375,Non-Text,
009461.jpg,500,375,216,164,264,201,Non-Text,
009461.jpg,500,375,229,196,278,231,Non-Text,
009463.jpg,500,333,1,174,139,330,Non-Text,
009463.jpg,500,333,284,262,307,284,Non-Text,
009463.jpg,500,333,164,245,171,253,Non-Text,
009464.jpg,500,375,1,91,447,358,Non-Text,
009465.jpg,393,346,15,37,390,335,Non-Text,
009466.jpg,500,450,157,220,398,436,Non-Text,
009469.jpg,500,375,36,112,482,322,Non-Text,
009469.jpg,500,375,1,111,130,188,Non-Text,
009469.jpg,500,375,468,70,500,214,Non-Text,
009469.jpg,500,375,414,71,463,156,Non-Text,
009469.jpg,500,375,205,80,236,117,Non-Text,
009469.jpg,500,375,157,91,177,116,Non-Text,
009469.jpg,500,375,111,99,127,110,Non-Text,
009469.jpg,500,375,101,101,115,114,Non-Text,
009469.jpg,500,375,378,245,500,375,Non-Text,
009470.jpg,500,262,2,11,500,262,Non-Text,
009470.jpg,500,262,19,112,227,156,Non-Text,
009470.jpg,500,262,229,123,468,211,Non-Text,
009477.jpg,332,500,109,63,228,224,Non-Text,
009477.jpg,332,500,199,5,332,75,Non-Text,
009477.jpg,332,500,107,33,210,88,Non-Text,
009477.jpg,332,500,31,39,179,100,Non-Text,
009484.jpg,500,375,143,319,468,375,Non-Text,
009484.jpg,500,375,117,316,180,375,Non-Text,
009484.jpg,500,375,163,223,265,321,Non-Text,
009488.jpg,447,500,124,89,334,404,Non-Text,
009490.jpg,375,500,1,87,210,483,Non-Text,
009496.jpg,500,333,12,65,479,319,Non-Text,
009499.jpg,339,500,3,1,306,500,Non-Text,
009500.jpg,500,374,375,253,475,363,Non-Text,
009500.jpg,500,374,62,236,172,374,Non-Text,
009500.jpg,500,374,228,215,385,374,Non-Text,
009500.jpg,500,374,183,244,285,374,Non-Text,
009502.jpg,500,500,200,89,331,227,Non-Text,
009507.jpg,500,333,189,145,245,178,Non-Text,
009507.jpg,500,333,323,149,355,173,Non-Text,
009507.jpg,500,333,381,153,399,164,Non-Text,
009507.jpg,500,333,454,156,472,167,Non-Text,
009508.jpg,374,500,175,318,228,385,Non-Text,
009516.jpg,375,500,17,62,375,500,Non-Text,
009518.jpg,500,369,125,43,412,356,Non-Text,
009518.jpg,500,369,222,1,330,268,Non-Text,
009533.jpg,500,375,155,123,318,196,Non-Text,
009533.jpg,500,375,107,190,151,206,Non-Text,
009537.jpg,500,281,129,161,150,201,Non-Text,
009537.jpg,500,281,8,10,500,221,Non-Text,
009540.jpg,500,333,32,107,241,306,Non-Text,
009540.jpg,500,333,238,134,365,295,Non-Text,
009541.jpg,375,500,101,269,241,423,Non-Text,
009541.jpg,375,500,256,256,330,391,Non-Text,
009541.jpg,375,500,87,298,208,429,Non-Text,
009541.jpg,375,500,250,293,344,409,Non-Text,
009542.jpg,500,332,1,2,500,332,Non-Text,
009542.jpg,500,332,8,17,251,332,Non-Text,
009542.jpg,500,332,137,116,486,331,Non-Text,
009543.jpg,500,375,395,88,500,318,Non-Text,
009543.jpg,500,375,471,97,500,200,Non-Text,
009543.jpg,500,375,277,109,367,253,Non-Text,
009543.jpg,500,375,181,125,266,229,Non-Text,
009543.jpg,500,375,230,233,344,375,Non-Text,
009543.jpg,500,375,42,255,233,326,Non-Text,
009545.jpg,500,333,175,29,500,333,Non-Text,
009546.jpg,375,500,1,215,370,492,Non-Text,
009546.jpg,375,500,158,196,363,450,Non-Text,
009546.jpg,375,500,32,173,85,218,Non-Text,
009549.jpg,500,375,3,62,378,375,Non-Text,
009562.jpg,357,500,16,38,355,472,Non-Text,
009565.jpg,500,375,1,113,251,375,Non-Text,
009565.jpg,500,375,215,201,439,375,Non-Text,
009567.jpg,500,375,3,59,382,375,Non-Text,
009567.jpg,500,375,100,87,302,375,Non-Text,
009568.jpg,500,333,164,145,330,275,Non-Text,
009568.jpg,500,333,185,57,291,249,Non-Text,
009571.jpg,500,333,88,243,249,302,Non-Text,
009579.jpg,375,500,20,2,375,500,Non-Text,
009580.jpg,500,333,85,153,309,230,Non-Text,
009584.jpg,500,375,178,4,263,104,Non-Text,
009584.jpg,500,375,323,174,487,358,Non-Text,
009584.jpg,500,375,256,225,409,375,Non-Text,
009585.jpg,500,375,1,10,255,375,Non-Text,
009585.jpg,500,375,273,71,462,375,Non-Text,
009585.jpg,500,375,409,15,500,375,Non-Text,
009585.jpg,500,375,424,248,468,347,Non-Text,
009585.jpg,500,375,229,194,253,235,Non-Text,
009585.jpg,500,375,199,200,230,248,Non-Text,
009585.jpg,500,375,174,202,197,236,Non-Text,
009585.jpg,500,375,209,218,249,315,Non-Text,
009585.jpg,500,375,244,220,284,318,Non-Text,
009586.jpg,375,500,170,355,205,390,Non-Text,
009587.jpg,500,375,3,1,500,337,Non-Text,
009591.jpg,500,349,70,118,140,214,Non-Text,
009591.jpg,500,349,291,141,420,294,Non-Text,
009591.jpg,500,349,71,77,139,179,Non-Text,
009591.jpg,500,349,305,100,386,245,Non-Text,
009598.jpg,500,375,160,157,246,358,Non-Text,
009598.jpg,500,375,199,135,413,302,Non-Text,
009605.jpg,500,375,89,18,458,369,Non-Text,
009609.jpg,500,335,213,90,400,175,Non-Text,
009609.jpg,500,335,2,96,349,219,Non-Text,
009627.jpg,500,359,29,14,497,332,Non-Text,
009629.jpg,500,334,225,165,363,189,Non-Text,
009634.jpg,500,375,268,126,359,372,Non-Text,
009634.jpg,500,375,396,201,454,344,Non-Text,
009636.jpg,375,500,89,224,375,500,Non-Text,
009641.jpg,375,500,81,196,160,296,Non-Text,
009641.jpg,375,500,100,249,174,307,Non-Text,
009641.jpg,375,500,72,343,150,376,Non-Text,
009641.jpg,375,500,192,337,280,380,Non-Text,
009641.jpg,375,500,85,334,190,370,Non-Text,
009650.jpg,365,500,21,36,346,418,Non-Text,
009654.jpg,333,500,1,83,296,500,Non-Text,
009654.jpg,333,500,220,375,275,472,Non-Text,
009655.jpg,375,500,24,113,375,500,Non-Text,
009655.jpg,375,500,25,93,375,295,Non-Text,
009656.jpg,500,375,181,156,324,345,Non-Text,
009656.jpg,500,375,207,86,327,305,Non-Text,
009656.jpg,500,375,398,98,500,217,Non-Text,
009658.jpg,333,500,31,85,250,302,Non-Text,
009659.jpg,500,375,243,4,500,375,Non-Text,
009659.jpg,500,375,81,11,371,370,Non-Text,
009668.jpg,500,375,1,19,321,375,Non-Text,
009668.jpg,500,375,317,91,475,375,Non-Text,
009670.jpg,500,262,101,109,245,262,Non-Text,
009670.jpg,500,262,334,73,441,166,Non-Text,
009671.jpg,500,375,45,195,203,261,Non-Text,
009671.jpg,500,375,253,206,444,284,Non-Text,
009671.jpg,500,375,192,202,333,255,Non-Text,
009671.jpg,500,375,109,180,128,202,Non-Text,
009671.jpg,500,375,146,180,166,200,Non-Text,
009671.jpg,500,375,90,183,107,214,Non-Text,
009678.jpg,500,371,49,124,472,348,Non-Text,
009679.jpg,320,240,85,8,156,101,Non-Text,
009679.jpg,320,240,162,15,202,107,Non-Text,
009679.jpg,320,240,202,46,228,101,Non-Text,
009679.jpg,320,240,236,15,285,100,Non-Text,
009679.jpg,320,240,282,30,291,107,Non-Text,
009681.jpg,500,375,6,94,442,262,Non-Text,
009687.jpg,500,375,262,60,500,375,Non-Text,
009687.jpg,500,375,1,75,278,375,Non-Text,
009687.jpg,500,375,405,165,500,273,Non-Text,
009687.jpg,500,375,28,260,96,375,Non-Text,
009691.jpg,500,333,1,187,497,333,Non-Text,
009691.jpg,500,333,124,15,294,333,Non-Text,
009692.jpg,500,375,167,172,224,263,Non-Text,
009692.jpg,500,375,203,157,298,249,Non-Text,
009693.jpg,500,375,99,15,309,357,Non-Text,
009693.jpg,500,375,297,258,407,355,Non-Text,
009693.jpg,500,375,29,80,500,375,Non-Text,
009695.jpg,500,274,15,111,491,256,Non-Text,
009700.jpg,500,375,140,88,387,242,Non-Text,
009706.jpg,500,375,114,223,469,375,Non-Text,
009707.jpg,500,281,79,130,274,249,Non-Text,
009710.jpg,500,375,43,98,500,375,Non-Text,
009712.jpg,500,375,187,168,243,375,Non-Text,
009712.jpg,500,375,239,180,295,375,Non-Text,
009713.jpg,500,375,114,57,406,344,Non-Text,
009713.jpg,500,375,294,1,406,110,Non-Text,
009713.jpg,500,375,132,1,235,107,Non-Text,
009713.jpg,500,375,358,4,497,176,Non-Text,
009717.jpg,500,333,2,154,118,236,Non-Text,
009717.jpg,500,333,263,206,425,333,Non-Text,
009717.jpg,500,333,182,163,270,283,Non-Text,
009717.jpg,500,333,135,178,196,234,Non-Text,
009717.jpg,500,333,340,75,458,178,Non-Text,
009717.jpg,500,333,238,77,338,159,Non-Text,
009717.jpg,500,333,147,78,231,150,Non-Text,
009717.jpg,500,333,115,107,160,149,Non-Text,
009717.jpg,500,333,2,103,55,137,Non-Text,
009717.jpg,500,333,126,36,163,51,Non-Text,
009717.jpg,500,333,237,43,263,55,Non-Text,
009717.jpg,500,333,447,102,500,123,Non-Text,
009717.jpg,500,333,90,182,128,285,Non-Text,
009724.jpg,500,375,33,2,479,375,Non-Text,
009735.jpg,333,500,54,365,100,429,Non-Text,
009737.jpg,500,332,16,105,498,330,Non-Text,
009737.jpg,500,332,397,1,500,84,Non-Text,
009745.jpg,500,375,347,184,431,229,Non-Text,
009745.jpg,500,375,98,192,214,267,Non-Text,
009747.jpg,332,500,188,335,250,465,Non-Text,
009747.jpg,332,500,126,251,197,453,Non-Text,
009747.jpg,332,500,41,319,69,429,Non-Text,
009763.jpg,500,375,1,1,500,374,Non-Text,
009763.jpg,500,375,281,131,484,269,Non-Text,
009763.jpg,500,375,42,32,334,318,Non-Text,
009767.jpg,375,500,103,114,260,500,Non-Text,
009767.jpg,375,500,90,51,219,361,Non-Text,
009772.jpg,375,500,5,145,375,500,Non-Text,
009776.jpg,500,375,192,48,321,366,Non-Text,
009776.jpg,500,375,39,123,404,357,Non-Text,
009776.jpg,500,375,1,107,150,237,Non-Text,
009780.jpg,500,334,329,99,500,317,Non-Text,
009780.jpg,500,334,1,18,500,334,Non-Text,
009780.jpg,500,334,1,2,500,143,Non-Text,
009781.jpg,500,375,111,65,462,298,Non-Text,
009781.jpg,500,375,224,33,394,269,Non-Text,
009789.jpg,500,351,1,116,231,351,Non-Text,
009789.jpg,500,351,232,52,500,351,Non-Text,
009790.jpg,500,284,11,40,479,213,Non-Text,
009794.jpg,372,500,1,14,324,500,Non-Text,
009797.jpg,500,333,132,50,238,303,Non-Text,
009797.jpg,500,333,222,110,396,312,Non-Text,
009805.jpg,500,375,97,133,392,276,Non-Text,
009807.jpg,500,333,191,61,474,332,Non-Text,
009809.jpg,500,334,61,1,398,334,Non-Text,
009810.jpg,500,333,23,61,468,259,Non-Text,
009813.jpg,500,375,2,141,500,375,Non-Text,
009813.jpg,500,375,185,132,500,284,Non-Text,
009816.jpg,500,375,87,227,157,269,Non-Text,
009816.jpg,500,375,151,219,193,241,Non-Text,
009816.jpg,500,375,235,214,283,259,Non-Text,
009816.jpg,500,375,319,205,367,238,Non-Text,
009816.jpg,500,375,396,186,454,220,Non-Text,
009816.jpg,500,375,426,179,474,211,Non-Text,
009816.jpg,500,375,482,173,500,209,Non-Text,
009816.jpg,500,375,308,191,356,220,Non-Text,
009816.jpg,500,375,242,204,293,227,Non-Text,
009819.jpg,500,375,304,45,447,195,Non-Text,
009819.jpg,500,375,369,34,465,188,Non-Text,
009819.jpg,500,375,232,51,383,267,Non-Text,
009823.jpg,500,375,3,4,498,374,Non-Text,
009825.jpg,333,500,90,280,144,359,Non-Text,
009831.jpg,500,343,194,48,500,319,Non-Text,
009831.jpg,500,343,60,84,311,289,Non-Text,
009833.jpg,500,375,463,309,500,375,Non-Text,
009833.jpg,500,375,339,284,425,375,Non-Text,
009833.jpg,500,375,217,274,288,375,Non-Text,
009833.jpg,500,375,193,259,236,282,Non-Text,
009833.jpg,500,375,128,286,209,375,Non-Text,
009833.jpg,500,375,85,264,141,352,Non-Text,
009833.jpg,500,375,80,345,141,375,Non-Text,
009833.jpg,500,375,1,262,66,343,Non-Text,
009833.jpg,500,375,14,251,51,270,Non-Text,
009836.jpg,500,333,192,124,302,221,Non-Text,
009842.jpg,500,375,387,1,500,187,Non-Text,
009842.jpg,500,375,180,1,401,332,Non-Text,
009852.jpg,500,375,153,121,482,375,Non-Text,
009858.jpg,500,375,93,177,283,226,Non-Text,
009859.jpg,500,333,110,40,344,333,Non-Text,
009860.jpg,500,396,65,25,490,355,Non-Text,
009863.jpg,500,375,199,111,395,191,Non-Text,
009863.jpg,500,375,37,164,401,333,Non-Text,
009865.jpg,500,334,314,139,412,246,Non-Text,
009865.jpg,500,334,150,142,238,330,Non-Text,
009865.jpg,500,334,1,141,139,333,Non-Text,
009865.jpg,500,334,220,141,316,282,Non-Text,
009870.jpg,500,340,272,70,466,290,Non-Text,
009870.jpg,500,340,26,43,315,276,Non-Text,
009872.jpg,500,375,39,243,136,311,Non-Text,
009872.jpg,500,375,157,245,261,306,Non-Text,
009872.jpg,500,375,277,241,367,303,Non-Text,
009872.jpg,500,375,309,306,462,375,Non-Text,
009872.jpg,500,375,114,308,275,374,Non-Text,
009872.jpg,500,375,1,307,87,375,Non-Text,
009874.jpg,318,480,116,158,238,480,Non-Text,
009874.jpg,318,480,91,108,262,325,Non-Text,
009877.jpg,333,500,3,102,289,500,Non-Text,
009877.jpg,333,500,270,185,326,406,Non-Text,
009880.jpg,375,500,250,150,340,252,Non-Text,
009880.jpg,375,500,292,138,375,290,Non-Text,
009880.jpg,375,500,49,118,148,324,Non-Text,
009880.jpg,375,500,32,122,364,500,Non-Text,
009880.jpg,375,500,234,143,258,208,Non-Text,
009881.jpg,500,339,314,174,500,339,Non-Text,
009881.jpg,500,339,1,96,127,339,Non-Text,
009881.jpg,500,339,164,74,327,337,Non-Text,
009884.jpg,500,375,85,78,400,375,Non-Text,
009886.jpg,500,375,87,67,395,305,Non-Text,
009887.jpg,500,374,267,276,300,323,Non-Text,
009887.jpg,500,374,222,261,265,316,Non-Text,
009894.jpg,500,335,215,157,271,182,Non-Text,
009896.jpg,500,375,139,134,372,323,Non-Text,
009897.jpg,500,375,236,68,467,317,Non-Text,
009897.jpg,500,375,125,146,267,294,Non-Text,
009898.jpg,500,333,3,3,498,331,Non-Text,
009900.jpg,375,500,36,40,375,500,Non-Text,
009900.jpg,375,500,312,1,372,123,Non-Text,
009900.jpg,375,500,259,1,310,93,Non-Text,
009900.jpg,375,500,169,1,205,55,Non-Text,
009900.jpg,375,500,78,1,124,82,Non-Text,
009904.jpg,375,500,72,343,160,389,Non-Text,
009905.jpg,500,361,43,97,465,236,Non-Text,
009905.jpg,500,361,1,146,100,216,Non-Text,
009908.jpg,500,375,252,170,388,279,Non-Text,
009908.jpg,500,375,107,110,253,268,Non-Text,
009908.jpg,500,375,277,160,317,180,Non-Text,
009908.jpg,500,375,146,70,181,119,Non-Text,
009908.jpg,500,375,111,201,131,256,Non-Text,
009911.jpg,500,400,75,137,417,265,Non-Text,
009918.jpg,500,333,118,123,287,333,Non-Text,
009918.jpg,500,333,182,30,465,234,Non-Text,
009918.jpg,500,333,51,1,182,107,Non-Text,
009918.jpg,500,333,1,1,268,330,Non-Text,
009923.jpg,500,333,112,148,252,333,Non-Text,
009926.jpg,500,375,119,84,238,285,Non-Text,
009926.jpg,500,375,298,6,490,359,Non-Text,
009926.jpg,500,375,77,157,280,323,Non-Text,
009926.jpg,500,375,299,146,443,375,Non-Text,
009932.jpg,375,500,68,324,284,498,Non-Text,
009939.jpg,500,375,40,114,291,225,Non-Text,
009939.jpg,500,375,259,146,475,323,Non-Text,
009940.jpg,500,375,218,114,387,375,Non-Text,
009940.jpg,500,375,135,133,365,375,Non-Text,
009942.jpg,500,332,11,1,221,207,Non-Text,
009942.jpg,500,332,2,9,365,332,Non-Text,
009942.jpg,500,332,265,2,500,332,Non-Text,
009945.jpg,500,375,486,200,500,211,Non-Text,
009945.jpg,500,375,465,199,479,210,Non-Text,
009945.jpg,500,375,389,202,440,234,Non-Text,
009945.jpg,500,375,341,202,387,227,Non-Text,
009945.jpg,500,375,328,198,345,207,Non-Text,
009945.jpg,500,375,316,206,336,220,Non-Text,
009945.jpg,500,375,277,202,316,225,Non-Text,
009945.jpg,500,375,292,194,304,202,Non-Text,
009945.jpg,500,375,273,204,288,212,Non-Text,
009945.jpg,500,375,263,197,277,208,Non-Text,
009945.jpg,500,375,235,204,273,227,Non-Text,
009945.jpg,500,375,224,199,247,213,Non-Text,
009945.jpg,500,375,174,193,192,203,Non-Text,
009945.jpg,500,375,141,197,172,218,Non-Text,
009945.jpg,500,375,92,199,132,229,Non-Text,
009945.jpg,500,375,44,197,70,208,Non-Text,
009945.jpg,500,375,29,195,46,206,Non-Text,
009945.jpg,500,375,1,195,14,217,Non-Text,
009945.jpg,500,375,4,187,19,195,Non-Text,
009946.jpg,500,375,189,172,201,192,Non-Text,
009946.jpg,500,375,181,177,198,221,Non-Text,
009946.jpg,500,375,199,180,238,257,Non-Text,
009946.jpg,500,375,193,142,499,337,Non-Text,
009949.jpg,500,375,128,121,500,350,Non-Text,
009949.jpg,500,375,195,241,500,375,Non-Text,
009949.jpg,500,375,25,90,427,312,Non-Text,
009949.jpg,500,375,203,81,331,218,Non-Text,
009949.jpg,500,375,235,116,279,159,Non-Text,
009955.jpg,500,500,89,213,432,301,Non-Text,
009955.jpg,500,500,235,280,384,313,Non-Text,
009958.jpg,500,333,344,106,444,298,Non-Text,
009958.jpg,500,333,148,108,213,187,Non-Text,
009958.jpg,500,333,89,27,149,217,Non-Text,
009958.jpg,500,333,75,39,147,124,Non-Text,
009958.jpg,500,333,77,121,178,316,Non-Text,
009959.jpg,500,375,192,142,330,187,Non-Text,
009961.jpg,500,374,69,4,392,345,Non-Text,
