filename,pt1,pt2,pt3,pt4,pt5,pt6,pt7,pt8,class,
IMG_0030.JPG,751,966,746,861,793,858,798,963,Text,
IMG_0030.JPG,728,963,727,919,743,918,744,962,Text,
IMG_0063.JPG,827,653,834,582,1074,606,1067,677,Text,
IMG_0064.JPG,626,653,613,614,863,535,876,574,Text,
IMG_0064.JPG,702,728,674,634,1272,453,1300,547,Text,
IMG_0064.JPG,732,783,717,734,1300,557,1315,606,Text,
IMG_0081.JPG,721,687,705,524,857,508,873,671,Text,
IMG_0081.JPG,645,851,639,772,991,743,997,822,Text,
IMG_0081.JPG,676,915,672,849,984,826,988,892,Text,
IMG_0155.JPG,299,437,274,299,794,204,819,342,Text,
IMG_0155.JPG,581,521,574,482,994,410,1001,449,Text,
IMG_0183.JPG,246,413,228,321,857,195,875,287,Text,
IMG_0451.JPG,646,894,624,705,729,693,751,882,Text,
IMG_0451.JPG,760,201,770,154,909,184,899,231,Text,
IMG_0451.JPG,753,244,759,214,923,245,917,275,Text,
IMG_0451.JPG,764,347,770,302,928,322,922,367,Text,
IMG_0451.JPG,766,761,763,717,1143,690,1146,734,Text,
IMG_0451.JPG,777,843,771,800,1143,752,1149,795,Text,
IMG_0451.JPG,898,911,891,865,1063,838,1070,884,Text,
IMG_0451.JPG,771,1009,762,969,1162,889,1171,929,Text,
IMG_0451.JPG,778,1095,767,1054,1164,956,1175,997,Text,
IMG_0452.JPG,777,1010,782,993,829,1007,824,1024,Text,
IMG_0452.JPG,769,373,758,345,928,276,939,304,Text,
IMG_0452.JPG,772,401,765,383,810,365,817,383,Text,
IMG_0452.JPG,767,455,756,422,881,382,892,415,Text,
IMG_0452.JPG,769,482,762,461,859,433,866,454,Text,
IMG_0452.JPG,768,533,760,498,931,460,939,495,Text,
IMG_0452.JPG,768,569,762,543,859,519,865,545,Text,
IMG_0452.JPG,762,615,757,580,942,555,947,590,Text,
IMG_0452.JPG,762,647,758,624,856,610,860,633,Text,
IMG_0452.JPG,759,725,758,689,926,680,927,716,Text,
IMG_0452.JPG,758,753,757,730,851,729,852,752,Text,
IMG_0452.JPG,754,804,755,766,857,771,856,809,Text,
IMG_0452.JPG,753,834,754,810,847,816,846,840,Text,
IMG_0452.JPG,801,885,805,856,854,863,850,892,Text,
IMG_0452.JPG,799,912,803,891,876,902,872,923,Text,
IMG_0455.JPG,752,714,764,623,911,643,899,734,Text,
IMG_0455.JPG,745,743,756,705,920,757,909,795,Text,
IMG_0456.JPG,889,616,868,557,1102,474,1123,533,Text,
IMG_0456.JPG,798,716,783,669,1113,566,1128,613,Text,
IMG_0457.JPG,672,456,682,413,811,441,801,484,Text,
IMG_0457.JPG,624,493,631,461,851,505,844,537,Text,
IMG_0457.JPG,679,607,684,560,829,575,824,622,Text,
IMG_0457.JPG,832,803,831,748,949,745,950,800,Text,
IMG_0457.JPG,836,845,834,810,956,803,958,838,Text,
IMG_0463.JPG,1116,627,1106,575,1287,541,1297,593,Text,
IMG_0463.JPG,1043,693,1036,653,1291,609,1298,649,Text,
IMG_0463.JPG,754,694,747,649,881,627,888,672,Text,
IMG_0463.JPG,750,743,745,708,939,678,944,713,Text,
IMG_0463.JPG,121,734,139,675,669,837,651,896,Text,
IMG_0463.JPG,320,894,332,849,506,897,494,942,Text,
IMG_0463.JPG,549,918,554,902,569,906,564,922,Text,
IMG_0463.JPG,605,938,610,918,731,947,726,967,Text,
IMG_0463.JPG,603,968,606,955,744,987,741,1000,Text,
IMG_0463.JPG,598,994,601,981,720,1009,717,1022,Text,
IMG_0463.JPG,596,1027,599,1012,711,1031,708,1046,Text,
IMG_0463.JPG,657,1060,659,1046,737,1060,735,1074,Text,
IMG_0463.JPG,602,1072,604,1058,652,1066,650,1080,Text,
IMG_0463.JPG,581,1130,584,1105,660,1114,657,1139,Text,
IMG_0463.JPG,580,1167,582,1146,696,1156,694,1177,Text,
IMG_0463.JPG,576,1196,578,1175,672,1184,670,1205,Text,
IMG_0463.JPG,573,1226,574,1205,724,1214,723,1235,Text,
IMG_0463.JPG,580,1258,581,1237,626,1240,625,1261,Text,
IMG_0469.JPG,818,290,816,244,1101,229,1103,275,Text,
IMG_0469.JPG,789,349,787,305,1126,286,1128,330,Text,
IMG_0469.JPG,731,510,730,464,1202,457,1203,503,Text,
IMG_0469.JPG,716,584,717,549,890,550,889,585,Text,
IMG_0469.JPG,1016,584,1015,551,1208,550,1209,583,Text,
IMG_0469.JPG,749,670,750,629,1175,636,1174,677,Text,
IMG_0469.JPG,1152,822,1153,784,1255,787,1254,825,Text,
IMG_0469.JPG,333,812,335,780,413,785,411,817,Text,
IMG_0472.JPG,684,733,644,690,917,437,957,480,Text,
IMG_0472.JPG,722,776,1042,449,1070,477,750,804,Text,
IMG_0472.JPG,767,821,1064,506,1095,535,798,850,Text,
IMG_0472.JPG,1050,797,1045,711,1266,700,1271,786,Text,
IMG_0476.JPG,737,569,742,540,903,566,898,595,Text,
IMG_0476.JPG,923,596,928,567,1041,586,1036,615,Text,
IMG_0476.JPG,743,601,745,585,1042,626,1040,642,Text,
IMG_0476.JPG,664,675,666,660,866,681,864,696,Text,
IMG_0476.JPG,864,719,865,706,1049,723,1048,736,Text,
IMG_0479.JPG,211,516,210,485,435,478,436,509,Text,
IMG_0479.JPG,394,661,395,643,444,646,443,664,Text,
IMG_0479.JPG,501,658,502,641,568,644,567,661,Text,
IMG_0479.JPG,781,630,782,607,949,610,948,633,Text,
IMG_0479.JPG,1283,509,1284,466,1516,469,1515,512,Text,
IMG_0479.JPG,1297,573,1296,546,1550,543,1551,570,Text,
IMG_0479.JPG,66,871,65,853,160,850,161,868,Text,
IMG_0479.JPG,200,866,199,844,338,839,339,861,Text,
IMG_0479.JPG,83,896,82,881,127,880,128,895,Text,
IMG_0479.JPG,231,897,230,876,289,875,290,896,Text,
IMG_0479.JPG,74,927,75,908,116,911,115,930,Text,
IMG_0479.JPG,212,924,212,905,292,905,292,924,Text,
IMG_0479.JPG,382,859,383,840,486,845,485,864,Text,
IMG_0479.JPG,557,862,557,840,640,840,640,862,Text,
IMG_0479.JPG,403,888,404,870,449,873,448,891,Text,
IMG_0479.JPG,563,893,562,874,625,873,626,892,Text,
IMG_0479.JPG,400,917,402,899,442,903,440,921,Text,
IMG_0479.JPG,545,918,546,898,632,901,631,921,Text,
IMG_0479.JPG,714,863,714,844,818,844,818,863,Text,
IMG_0479.JPG,880,863,881,842,987,845,986,866,Text,
IMG_0479.JPG,741,890,741,872,786,872,786,890,Text,
IMG_0479.JPG,906,894,907,874,966,875,965,895,Text,
IMG_0479.JPG,740,918,741,899,785,900,784,919,Text,
IMG_0479.JPG,890,917,891,899,978,902,977,920,Text,
IMG_0479.JPG,1051,864,1052,846,1157,849,1156,867,Text,
IMG_0479.JPG,1084,891,1085,874,1131,877,1130,894,Text,
IMG_0479.JPG,1087,921,1088,903,1132,904,1131,922,Text,
IMG_0479.JPG,1212,867,1213,846,1329,847,1328,868,Text,
IMG_0479.JPG,1250,900,1249,878,1306,877,1307,899,Text,
IMG_0479.JPG,1239,923,1240,905,1327,906,1326,924,Text,
IMG_0479.JPG,1389,870,1388,851,1497,848,1498,867,Text,
IMG_0479.JPG,1553,868,1552,845,1663,842,1664,865,Text,
IMG_0479.JPG,1428,896,1429,876,1475,879,1474,899,Text,
IMG_0479.JPG,1595,903,1593,880,1651,875,1653,898,Text,
IMG_0479.JPG,1434,925,1435,908,1481,909,1480,926,Text,
IMG_0479.JPG,1588,927,1588,905,1674,905,1674,927,Text,
IMG_0481.JPG,734,1117,735,1078,1466,1081,1465,1120,Text,
IMG_0481.JPG,722,1199,721,1162,967,1159,968,1196,Text,
IMG_0486.JPG,409,729,402,695,613,655,620,689,Text,
IMG_0486.JPG,1226,654,1221,608,1577,568,1582,614,Text,
IMG_0487.JPG,614,719,612,675,964,655,966,699,Text,
IMG_0487.JPG,599,813,598,781,953,780,954,812,Text,
IMG_0487.JPG,709,855,710,828,815,829,814,856,Text,
IMG_0489.JPG,94,735,95,689,1181,702,1180,748,Text,
IMG_0489.JPG,69,810,70,767,1096,782,1095,825,Text,
IMG_0489.JPG,1265,748,1266,708,1691,709,1690,749,Text,
IMG_0489.JPG,1360,818,1361,786,1629,789,1628,821,Text,
IMG_0495.JPG,258,273,270,242,1193,616,1181,647,Text,
IMG_0495.JPG,1094,659,1108,627,1470,781,1456,813,Text,
IMG_0495.JPG,221,334,232,307,1222,728,1211,755,Text,
IMG_0495.JPG,1125,754,1137,728,1374,835,1362,861,Text,
IMG_0495.JPG,899,967,949,872,1384,1102,1334,1197,Text,
IMG_0496.JPG,154,805,125,312,1512,230,1541,723,Text,
IMG_0496.JPG,198,1006,201,723,1371,736,1368,1019,Text,
IMG_0497.JPG,720,505,664,396,1064,189,1120,298,Text,
IMG_0497.JPG,604,1026,610,999,647,1009,641,1036,Text,
IMG_0497.JPG,726,1046,727,1019,925,1026,924,1053,Text,
IMG_0497.JPG,720,1089,722,1051,924,1062,922,1100,Text,
IMG_0497.JPG,671,1126,673,1098,892,1111,890,1139,Text,
IMG_0504.JPG,918,492,917,475,929,474,930,491,Text,
IMG_0504.JPG,549,514,550,422,1369,435,1368,527,Text,
IMG_0504.JPG,486,793,481,742,1447,656,1452,707,Text,
IMG_0504.JPG,490,891,480,816,1500,678,1510,753,Text,
IMG_0504.JPG,493,966,484,901,1074,820,1083,885,Text,
IMG_0504.JPG,1087,874,1079,820,1337,781,1345,835,Text,
IMG_0504.JPG,502,1190,487,1122,1207,969,1222,1037,Text,
IMG_0506.JPG,280,557,302,399,629,445,607,603,Text,
IMG_0506.JPG,827,1097,860,880,1177,929,1144,1146,Text,
IMG_0506.JPG,370,774,401,574,1378,727,1347,927,Text,
IMG_0506.JPG,1015,1217,1044,1118,1273,1185,1244,1284,Text,
IMG_0511.JPG,651,665,637,595,958,527,972,597,Text,
IMG_0514.JPG,732,441,678,323,968,190,1022,308,Text,
IMG_0514.JPG,725,577,678,491,1053,288,1100,374,Text,
IMG_0514.JPG,764,733,736,686,1128,459,1156,506,Text,
IMG_0514.JPG,735,855,704,806,1147,532,1178,581,Text,
IMG_0514.JPG,760,922,733,881,998,714,1025,755,Text,
IMG_0514.JPG,958,930,943,908,1071,820,1086,842,Text,
IMG_0514.JPG,878,1044,860,1019,1165,798,1183,823,Text,
IMG_0514.JPG,963,1034,945,1010,1116,881,1134,905,Text,
IMG_0514.JPG,874,1154,853,1127,1213,847,1234,874,Text,
IMG_0515.JPG,645,652,626,462,977,426,996,616,Text,
IMG_0515.JPG,674,983,630,807,984,717,1028,893,Text,
IMG_0518.JPG,141,978,127,961,243,864,257,881,Text,
IMG_0518.JPG,401,585,400,542,1169,527,1170,570,Text,
IMG_0518.JPG,577,641,576,593,950,590,951,638,Text,
IMG_0518.JPG,417,804,418,755,1430,764,1429,813,Text,
IMG_0518.JPG,405,878,406,819,1413,836,1412,895,Text,
IMG_0518.JPG,400,945,402,893,1485,928,1483,980,Text,
IMG_0518.JPG,386,1023,387,978,602,986,601,1031,Text,
IMG_0518.JPG,374,1095,376,1036,1523,1089,1521,1148,Text,
IMG_0518.JPG,362,1174,365,1115,1477,1178,1474,1237,Text,
IMG_0523.JPG,1420,774,1412,707,1522,694,1530,761,Text,
IMG_0523.JPG,1181,438,1174,391,1303,371,1310,418,Text,
IMG_0523.JPG,1060,589,1063,510,1462,525,1459,604,Text,
IMG_0523.JPG,151,459,152,424,391,435,390,470,Text,
IMG_0523.JPG,455,478,456,434,1010,451,1009,495,Text,
IMG_0523.JPG,390,542,391,497,778,508,777,553,Text,
IMG_0530.JPG,843,502,822,370,1568,247,1589,379,Text,
IMG_0531.JPG,1164,342,1154,305,1258,279,1268,316,Text,
IMG_0531.JPG,1137,408,1130,376,1297,340,1304,372,Text,
IMG_0531.JPG,1186,499,1179,460,1325,436,1332,475,Text,
IMG_0541.JPG,811,631,803,609,913,569,921,591,Text,
IMG_0541.JPG,790,660,785,647,925,589,930,602,Text,
IMG_0541.JPG,784,705,776,682,915,630,923,653,Text,
IMG_0570.JPG,265,679,264,586,799,581,800,674,Text,
IMG_0570.JPG,493,793,490,686,687,681,690,788,Text,
IMG_0570.JPG,1180,686,1181,618,1460,619,1459,687,Text,
IMG_0570.JPG,1235,797,1234,708,1412,707,1413,796,Text,
IMG_0571.JPG,12,940,221,474,349,532,140,998,Text,
IMG_0571.JPG,197,939,392,379,536,429,341,989,Text,
IMG_0571.JPG,391,945,513,409,552,418,430,954,Text,
IMG_0571.JPG,456,945,522,632,555,640,489,953,Text,
IMG_0571.JPG,976,445,979,368,1455,383,1452,460,Text,
IMG_0571.JPG,985,550,986,455,1661,468,1660,563,Text,
IMG_0571.JPG,998,589,999,560,1678,569,1677,598,Text,
IMG_0571.JPG,1002,626,1003,599,1365,608,1364,635,Text,
IMG_0571.JPG,1,1013,2,1004,407,1007,406,1016,Text,
IMG_0571.JPG,1,1036,2,1024,398,1029,397,1041,Text,
IMG_0571.JPG,2,1139,1,1129,386,1116,387,1126,Text,
IMG_0571.JPG,1,1159,0,1148,394,1137,395,1148,Text,
IMG_0571.JPG,43,1165,42,1157,435,1150,436,1158,Text,
IMG_0571.JPG,66,1181,65,1171,450,1158,451,1168,Text,
IMG_0571.JPG,82,1194,81,1186,457,1173,458,1181,Text,
IMG_0571.JPG,92,1210,91,1199,463,1190,464,1201,Text,
IMG_0571.JPG,961,1131,960,1120,1359,1103,1360,1114,Text,
IMG_0571.JPG,1017,1139,1018,1130,1349,1145,1348,1154,Text,
IMG_0571.JPG,1263,1125,1263,1118,1366,1118,1366,1125,Text,
IMG_0577.JPG,800,505,825,437,1026,512,1001,580,Text,
IMG_0577.JPG,673,539,695,480,1117,639,1095,698,Text,
IMG_0577.JPG,793,777,815,702,1063,774,1041,849,Text,
IMG_0582.JPG,707,805,712,678,914,685,909,812,Text,
IMG_0582.JPG,617,906,621,867,1061,917,1057,956,Text,
IMG_0594.JPG,684,520,695,414,1214,466,1203,572,Text,
IMG_0594.JPG,682,656,690,552,1659,633,1651,737,Text,
IMG_0595.JPG,578,367,581,38,769,39,766,368,Text,
IMG_0595.JPG,672,320,660,239,864,209,876,290,Text,
IMG_0595.JPG,653,379,644,335,885,289,894,333,Text,
IMG_0595.JPG,434,530,422,435,1034,361,1046,456,Text,
IMG_0595.JPG,426,609,419,536,1031,479,1038,552,Text,
IMG_0595.JPG,510,728,507,644,613,641,616,725,Text,
IMG_0595.JPG,502,868,503,783,613,786,612,871,Text,
IMG_0595.JPG,491,1008,501,917,617,930,607,1021,Text,
IMG_0595.JPG,487,1155,497,1064,620,1078,610,1169,Text,
IMG_0595.JPG,697,734,692,616,931,605,936,723,Text,
IMG_0595.JPG,699,895,698,769,931,768,932,894,Text,
IMG_0595.JPG,690,1048,697,921,942,934,935,1061,Text,
IMG_0595.JPG,680,1198,695,1074,954,1104,939,1228,Text,
IMG_0596.JPG,498,1143,483,164,706,161,721,1140,Text,
IMG_0596.JPG,788,1159,750,110,984,102,1022,1151,Text,
IMG_0597.JPG,178,867,184,709,1487,764,1481,922,Text,
IMG_0597.JPG,1167,1112,1167,1072,1202,1072,1202,1112,Text,
IMG_0597.JPG,1217,1092,1218,1071,1332,1076,1331,1097,Text,
IMG_0597.JPG,1215,1116,1216,1094,1330,1101,1329,1123,Text,
IMG_0597.JPG,1210,1151,1211,1135,1276,1140,1275,1156,Text,
IMG_0597.JPG,1166,1171,1167,1160,1309,1167,1308,1178,Text,
IMG_0597.JPG,1160,1265,1163,1188,1248,1191,1245,1268,Text,
IMG_0597.JPG,1316,1231,1313,1186,1324,1185,1327,1230,Text,
IMG_0601.JPG,608,430,642,37,911,60,877,453,Text,
IMG_0601.JPG,906,207,927,148,1249,264,1228,323,Text,
IMG_0601.JPG,908,300,930,237,1332,382,1310,445,Text,
IMG_0601.JPG,923,396,938,349,1278,458,1263,505,Text,
IMG_0601.JPG,931,461,945,412,1371,541,1357,590,Text,
IMG_0601.JPG,586,633,610,517,1071,610,1047,726,Text,
IMG_0601.JPG,613,1164,618,1052,994,1068,989,1180,Text,
IMG_0601.JPG,611,993,622,896,1227,967,1216,1064,Text,
IMG_0601.JPG,1191,1182,1194,1093,1467,1100,1464,1189,Text,
IMG_0601.JPG,609,844,625,749,1256,858,1240,953,Text,
IMG_0602.JPG,462,116,459,45,917,28,920,99,Text,
IMG_0602.JPG,449,171,448,136,917,119,918,154,Text,
IMG_0602.JPG,540,220,539,187,811,178,812,211,Text,
IMG_0602.JPG,343,580,342,448,922,443,923,575,Text,
IMG_0602.JPG,350,692,349,609,901,604,902,687,Text,
IMG_0602.JPG,338,983,341,862,843,875,840,996,Text,
IMG_0603.JPG,738,733,739,664,977,671,976,740,Text,
IMG_0605.JPG,547,260,583,100,819,153,783,313,Text,
IMG_0605.JPG,441,359,458,286,923,393,906,466,Text,
IMG_0605.JPG,508,435,515,399,866,467,859,503,Text,
IMG_0605.JPG,436,480,444,441,933,538,925,577,Text,
IMG_0605.JPG,430,540,436,502,919,585,913,623,Text,
IMG_0605.JPG,428,597,434,559,888,630,882,668,Text,
IMG_0605.JPG,424,663,430,622,955,693,949,734,Text,
IMG_0605.JPG,408,742,415,688,954,759,947,813,Text,
IMG_0605.JPG,395,825,400,770,985,822,980,877,Text,
IMG_0605.JPG,365,929,368,885,1009,938,1006,982,Text,
IMG_0605.JPG,362,1000,364,956,1020,988,1018,1032,Text,
IMG_0605.JPG,461,1081,463,1037,950,1060,948,1104,Text,
IMG_0608.JPG,678,667,668,572,1152,518,1162,613,Text,
IMG_0611.JPG,871,635,870,565,1134,562,1135,632,Text,
IMG_0611.JPG,875,765,875,692,1128,692,1128,765,Text,
IMG_0613.JPG,1583,1121,1572,1073,1651,1054,1662,1102,Text,
IMG_0613.JPG,814,547,799,453,840,447,855,541,Text,
IMG_0613.JPG,909,473,881,372,1309,257,1337,358,Text,
IMG_0613.JPG,912,561,899,509,1308,410,1321,462,Text,
IMG_0617.JPG,1530,1025,1516,957,1680,923,1694,991,Text,
IMG_0617.JPG,1611,1029,1607,1009,1676,997,1680,1017,Text,
IMG_0617.JPG,1683,1017,1679,1001,1702,995,1706,1011,Text,
IMG_0617.JPG,931,459,930,427,1181,416,1182,448,Text,
IMG_0617.JPG,930,400,937,214,1195,223,1188,409,Text,
IMG_0617.JPG,437,483,434,419,863,403,866,467,Text,
IMG_0617.JPG,434,555,432,522,857,495,859,528,Text,
IMG_0617.JPG,636,797,621,669,1377,579,1392,707,Text,
IMG_0620.JPG,306,893,309,749,516,752,513,896,Text,
IMG_0620.JPG,792,821,793,761,1037,762,1036,822,Text,
IMG_0620.JPG,1095,817,1096,761,1339,764,1338,820,Text,
IMG_0620.JPG,796,884,797,844,1231,849,1230,889,Text,
IMG_0621.JPG,484,187,495,103,1289,216,1278,300,Text,
IMG_0621.JPG,286,309,293,219,1403,305,1396,395,Text,
IMG_0621.JPG,608,727,595,415,661,412,674,724,Text,
IMG_0621.JPG,744,484,747,405,1171,424,1168,503,Text,
IMG_0621.JPG,746,609,747,533,1175,538,1174,614,Text,
IMG_0621.JPG,751,729,750,652,1175,641,1176,718,Text,
IMG_0621.JPG,369,929,363,812,1378,758,1384,875,Text,
IMG_0621.JPG,553,1138,538,1039,1360,915,1375,1014,Text,
IMG_0621.JPG,788,1147,783,1113,1146,1062,1151,1096,Text,
IMG_0621.JPG,784,1209,778,1172,942,1144,948,1181,Text,
IMG_0621.JPG,1005,1175,999,1140,1146,1113,1152,1148,Text,
IMG_0621.JPG,789,1278,783,1248,1143,1176,1149,1206,Text,
IMG_0626.JPG,258,575,264,547,306,556,300,584,Text,
IMG_0626.JPG,1094,18,1095,0,1183,1,1182,19,Text,
IMG_0626.JPG,300,562,391,225,1541,536,1450,873,Text,
IMG_0628.JPG,211,655,206,609,322,596,327,642,Text,
IMG_0628.JPG,363,657,307,429,1425,155,1481,383,Text,
IMG_0628.JPG,343,659,333,575,1437,450,1447,534,Text,
IMG_0628.JPG,722,1099,735,1032,1350,1143,1337,1210,Text,
IMG_0628.JPG,233,790,232,720,429,717,430,787,Text,
IMG_0628.JPG,473,794,477,704,762,717,758,807,Text,
IMG_0628.JPG,855,841,854,718,1366,711,1367,834,Text,
IMG_0628.JPG,859,958,870,828,1369,872,1358,1002,Text,
IMG_0628.JPG,467,915,474,817,769,838,762,936,Text,
IMG_0628.JPG,231,878,237,800,436,815,430,893,Text,
IMG_0633.JPG,1167,708,1162,646,1660,604,1665,666,Text,
IMG_0633.JPG,1163,743,1161,718,1651,679,1653,704,Text,
IMG_0633.JPG,183,1219,184,1196,350,1203,349,1226,Text,
IMG_0633.JPG,412,1264,414,1223,519,1228,517,1269,Text,
IMG_0633.JPG,204,815,199,741,754,704,759,778,Text,
IMG_0635.JPG,456,647,430,406,1391,305,1417,546,Text,
IMG_0635.JPG,1210,124,1212,101,1355,115,1353,138,Text,
IMG_0649.JPG,873,370,835,285,1200,122,1238,207,Text,
IMG_0649.JPG,872,441,850,391,1194,243,1216,293,Text,
IMG_0649.JPG,881,537,856,475,1177,343,1202,405,Text,
IMG_0649.JPG,481,747,449,663,805,526,837,610,Text,
IMG_0649.JPG,478,817,461,768,791,651,808,700,Text,
IMG_0649.JPG,503,897,482,837,733,751,754,811,Text,
IMG_0652.JPG,439,768,485,596,1554,881,1508,1053,Text,
IMG_0652.JPG,484,886,498,823,1531,1043,1517,1106,Text,
IMG_0653.JPG,267,764,264,674,1161,641,1164,731,Text,
IMG_0655.JPG,907,619,888,412,1377,367,1396,574,Text,
IMG_0655.JPG,680,819,658,696,1388,565,1410,688,Text,
IMG_0655.JPG,1339,134,1336,118,1350,115,1353,131,Text,
IMG_0655.JPG,1447,206,1446,186,1490,183,1491,203,Text,
IMG_0655.JPG,1662,187,1661,167,1722,166,1723,186,Text,
IMG_0655.JPG,1664,219,1663,198,1726,195,1727,216,Text,
IMG_0655.JPG,1666,250,1665,228,1725,225,1726,247,Text,
IMG_0656.JPG,1684,519,1683,505,1727,500,1728,514,Text,
IMG_0656.JPG,211,689,221,652,376,692,366,729,Text,
IMG_0656.JPG,679,830,682,809,723,814,720,835,Text,
IMG_0656.JPG,722,822,723,790,814,791,813,823,Text,
IMG_0656.JPG,720,851,721,816,960,823,959,858,Text,
IMG_0656.JPG,544,1199,547,1175,592,1180,589,1204,Text,
IMG_0656.JPG,773,316,765,257,1000,224,1008,283,Text,
IMG_0656.JPG,778,350,773,321,1003,282,1008,311,Text,
IMG_0660.JPG,809,1121,969,177,1221,220,1061,1164,Text,
IMG_0660.JPG,1481,1250,1279,564,1305,556,1507,1242,Text,
IMG_0664.JPG,686,944,689,916,722,919,719,947,Text,
IMG_0664.JPG,1123,1239,1124,1224,1165,1225,1164,1240,Text,
IMG_0664.JPG,929,525,965,418,1407,569,1371,676,Text,
IMG_0664.JPG,763,733,739,671,942,591,966,653,Text,
IMG_0664.JPG,783,755,774,729,905,688,914,714,Text,
IMG_0664.JPG,958,655,955,626,976,625,979,654,Text,
IMG_0664.JPG,739,729,736,712,752,710,755,727,Text,
IMG_0664.JPG,1694,834,1698,818,1727,824,1723,840,Text,
IMG_0665.JPG,1559,1209,1558,1194,1608,1191,1609,1206,Text,
IMG_0665.JPG,1641,1210,1640,1197,1694,1194,1695,1207,Text,
IMG_0665.JPG,1198,1126,1199,1071,1341,1074,1340,1129,Text,
IMG_0665.JPG,698,509,698,470,721,470,721,509,Text,
IMG_0665.JPG,747,490,750,447,945,458,942,501,Text,
IMG_0665.JPG,746,527,747,504,939,513,938,536,Text,
IMG_0669.JPG,1127,552,1114,94,1147,93,1160,551,Text,
IMG_0669.JPG,1185,550,1168,83,1303,78,1320,545,Text,
IMG_0669.JPG,1011,674,1010,641,1343,624,1344,657,Text,
IMG_0669.JPG,1013,698,1012,680,1334,665,1335,683,Text,
IMG_0669.JPG,1011,765,1010,727,1312,714,1313,752,Text,
IMG_0669.JPG,1010,788,1009,769,1358,752,1359,771,Text,
IMG_0669.JPG,1013,857,1012,821,1199,814,1200,850,Text,
IMG_0669.JPG,1011,879,1010,861,1209,852,1210,870,Text,
IMG_0669.JPG,1013,950,1012,915,1148,914,1149,949,Text,
IMG_0669.JPG,1008,973,1007,954,1142,949,1143,968,Text,
IMG_0669.JPG,1012,1052,1011,1014,1191,1009,1192,1047,Text,
IMG_0669.JPG,1008,1072,1007,1053,1186,1050,1187,1069,Text,
IMG_0669.JPG,1012,1153,1011,1117,1233,1112,1234,1148,Text,
IMG_0669.JPG,1010,1175,1009,1155,1173,1152,1174,1172,Text,
IMG_0686.JPG,1346,532,1335,106,1493,102,1504,528,Text,
IMG_0686.JPG,1348,897,1345,547,1430,546,1433,896,Text,
IMG_0686.JPG,1449,898,1446,548,1492,547,1495,897,Text,
IMG_0687.JPG,412,1022,401,994,580,917,591,945,Text,
IMG_0687.JPG,406,1067,394,1039,573,960,585,988,Text,
IMG_0690.JPG,829,1040,830,913,1155,916,1154,1043,Text,
IMG_0690.JPG,1052,520,1043,404,1453,373,1462,489,Text,
IMG_0690.JPG,1054,580,1050,522,1330,505,1334,563,Text,
IMG_0692.JPG,221,335,206,169,1096,87,1111,253,Text,
IMG_0692.JPG,175,1230,174,1010,1000,1007,1001,1227,Text,
IMG_0692.JPG,988,1048,988,1031,1004,1031,1004,1048,Text,
IMG_0692.JPG,1031,679,1031,636,1070,636,1070,679,Text,
IMG_0692.JPG,1030,631,1037,463,1086,464,1079,632,Text,
IMG_0692.JPG,213,667,203,510,1013,458,1023,615,Text,
IMG_0692.JPG,213,730,210,686,993,637,996,681,Text,
IMG_0694.JPG,786,899,779,745,1517,713,1524,867,Text,
IMG_0694.JPG,792,975,788,922,1086,903,1090,956,Text,
IMG_0694.JPG,1169,946,1168,892,1505,881,1506,935,Text,
IMG_0697.JPG,846,585,881,467,915,477,880,595,Text,
IMG_0697.JPG,960,489,910,411,1414,85,1464,163,Text,
IMG_0697.JPG,935,575,912,535,1398,248,1421,288,Text,
IMG_0700.JPG,196,898,233,627,297,636,260,907,Text,
IMG_0700.JPG,1127,1114,1128,1041,1473,1044,1472,1117,Text,
IMG_0700.JPG,271,1112,277,920,1489,957,1483,1149,Text,
IMG_0702.JPG,1062,1198,1056,1175,1080,1169,1086,1192,Text,
IMG_0702.JPG,379,638,389,493,614,509,604,654,Text,
IMG_0702.JPG,313,911,320,763,674,778,667,926,Text,
IMG_0702.JPG,352,129,349,85,402,82,405,126,Text,
IMG_0702.JPG,20,121,-1,58,323,-54,345,8,Text,
IMG_0704.JPG,822,669,824,655,843,658,841,672,Text,
IMG_0704.JPG,147,538,146,492,534,479,535,525,Text,
IMG_0704.JPG,148,563,147,544,529,533,530,552,Text,
IMG_0704.JPG,162,626,162,585,505,585,505,626,Text,
IMG_0704.JPG,199,654,199,632,460,632,460,654,Text,
IMG_0704.JPG,262,719,263,673,381,676,380,722,Text,
IMG_0704.JPG,390,728,393,686,503,693,500,735,Text,
IMG_0704.JPG,1124,160,1118,125,1544,55,1550,90,Text,
IMG_0704.JPG,1125,192,1121,166,1449,115,1453,141,Text,
IMG_0704.JPG,1072,420,1067,362,1537,323,1542,381,Text,
IMG_0704.JPG,1067,448,1065,414,1431,393,1433,427,Text,
IMG_0704.JPG,1070,597,1069,544,1547,535,1548,588,Text,
IMG_0704.JPG,1068,634,1067,602,1525,601,1526,633,Text,
IMG_0704.JPG,1061,755,1062,719,1232,722,1231,758,Text,
IMG_0704.JPG,1064,798,1065,766,1166,769,1165,801,Text,
IMG_0704.JPG,1351,778,1352,742,1540,743,1539,779,Text,
IMG_0707.JPG,455,120,485,2,1377,225,1347,343,Text,
IMG_0707.JPG,342,457,369,155,1441,251,1414,553,Text,
IMG_0707.JPG,361,632,364,501,1418,526,1415,657,Text,
IMG_0707.JPG,396,824,395,744,1401,725,1402,805,Text,
IMG_0707.JPG,421,1031,414,891,1384,842,1391,982,Text,
IMG_0707.JPG,404,1173,395,1111,1397,969,1406,1031,Text,
IMG_0709.JPG,1158,1292,1157,1261,1291,1258,1292,1289,Text,
IMG_0709.JPG,1300,601,1279,78,1360,75,1381,598,Text,
IMG_0709.JPG,1277,649,1274,623,1380,611,1383,637,Text,
IMG_0709.JPG,1278,682,1276,660,1403,644,1405,666,Text,
IMG_0709.JPG,1298,878,1294,838,1397,829,1401,869,Text,
IMG_0709.JPG,1319,1100,1314,915,1387,914,1392,1099,Text,
IMG_0709.JPG,1306,1186,1303,1144,1406,1137,1409,1179,Text,
IMG_0719.JPG,508,308,523,175,897,215,882,348,Text,
IMG_0719.JPG,2,547,4,517,97,524,95,554,Text,
IMG_0719.JPG,471,772,457,556,933,525,947,741,Text,
IMG_0722.JPG,55,452,132,346,677,741,600,847,Text,
IMG_0722.JPG,86,541,113,501,620,845,593,885,Text,
IMG_0722.JPG,93,678,147,598,600,899,546,979,Text,
IMG_0722.JPG,806,720,773,608,1667,352,1700,464,Text,
IMG_0723.JPG,680,501,668,375,1268,319,1280,445,Text,
IMG_0723.JPG,706,557,701,506,1246,453,1251,504,Text,
IMG_0723.JPG,787,652,779,562,1145,531,1153,621,Text,
IMG_0726.JPG,829,622,830,555,1145,562,1144,629,Text,
IMG_0726.JPG,1192,634,1193,609,1217,610,1216,635,Text,
IMG_0726.JPG,868,667,869,640,1111,649,1110,676,Text,
IMG_0728.JPG,1413,1054,1406,862,1474,859,1481,1051,Text,
IMG_0728.JPG,803,991,818,798,1290,836,1275,1029,Text,
IMG_0728.JPG,202,816,198,138,1500,131,1504,809,Text,
IMG_0730.JPG,479,835,464,568,1678,501,1693,768,Text,
IMG_0730.JPG,45,889,44,826,402,819,403,882,Text,
IMG_0730.JPG,180,773,179,704,256,701,257,770,Text,
IMG_0730.JPG,176,684,171,608,285,601,290,677,Text,
IMG_0733.JPG,946,563,949,467,1252,474,1249,570,Text,
IMG_0733.JPG,1354,715,1341,523,1395,519,1408,711,Text,
IMG_0733.JPG,969,629,970,582,1229,589,1228,636,Text,
IMG_0733.JPG,962,736,964,645,1248,652,1246,743,Text,
IMG_0735.JPG,146,833,147,760,480,767,479,840,Text,
IMG_0735.JPG,627,723,622,575,688,574,693,722,Text,
IMG_0735.JPG,1331,727,1328,580,1392,579,1395,726,Text,
IMG_0735.JPG,722,657,723,576,1298,581,1297,662,Text,
IMG_0735.JPG,710,720,711,669,1311,674,1310,725,Text,
IMG_0735.JPG,677,880,680,740,1359,750,1356,890,Text,
IMG_0735.JPG,664,1060,663,926,1364,925,1365,1059,Text,
IMG_0738.JPG,364,1021,334,842,569,804,599,983,Text,
IMG_0738.JPG,344,1178,322,1068,1637,809,1659,919,Text,
IMG_0738.JPG,583,1005,531,808,1640,520,1692,717,Text,
IMG_0738.JPG,888,267,897,119,970,124,961,272,Text,
IMG_0738.JPG,737,280,712,200,874,149,899,229,Text,
IMG_0738.JPG,737,331,727,301,853,259,863,289,Text,
IMG_0747.JPG,1159,759,1154,704,1199,700,1204,755,Text,
IMG_0747.JPG,460,797,450,637,1006,600,1016,760,Text,
IMG_0747.JPG,516,895,512,832,986,798,990,861,Text,
IMG_0748.JPG,904,483,885,394,1371,293,1390,382,Text,
IMG_0748.JPG,892,582,882,533,1359,437,1369,486,Text,
IMG_0748.JPG,1053,800,1044,754,1170,731,1179,777,Text,
IMG_0748.JPG,873,1000,864,950,1308,877,1317,927,Text,
IMG_0748.JPG,919,1101,907,1033,1249,975,1261,1043,Text,
IMG_0748.JPG,295,752,283,683,681,609,693,678,Text,
IMG_0748.JPG,320,799,314,768,635,708,641,739,Text,
IMG_0748.JPG,392,939,401,764,540,771,531,946,Text,
IMG_0748.JPG,463,973,457,942,661,904,667,935,Text,
IMG_0750.JPG,593,916,600,701,1410,728,1403,943,Text,
IMG_0750.JPG,627,1001,628,938,1403,947,1402,1010,Text,
IMG_0752.JPG,73,625,78,525,1581,600,1576,700,Text,
IMG_0753.JPG,406,1024,313,856,1130,401,1223,569,Text,
IMG_0758.JPG,702,253,696,174,1035,149,1041,228,Text,
IMG_0758.JPG,759,339,754,270,972,255,977,324,Text,
IMG_0758.JPG,755,378,754,354,963,341,964,365,Text,
IMG_0758.JPG,941,582,938,531,1000,528,1003,579,Text,
IMG_0758.JPG,802,800,801,768,890,765,891,797,Text,
IMG_0758.JPG,917,795,916,765,1006,762,1007,792,Text,
IMG_0758.JPG,685,880,684,838,1014,827,1015,869,Text,
IMG_0758.JPG,686,934,685,892,1013,881,1014,923,Text,
IMG_0758.JPG,683,981,682,943,1011,932,1012,970,Text,
IMG_0758.JPG,681,1019,681,983,738,983,738,1019,Text,
IMG_0758.JPG,906,1014,905,985,1007,984,1008,1013,Text,
IMG_0759.JPG,274,662,273,592,851,587,852,657,Text,
IMG_0759.JPG,268,762,267,689,859,680,860,753,Text,
IMG_0759.JPG,1266,664,1263,591,1520,582,1523,655,Text,
IMG_0759.JPG,1285,742,1284,671,1598,666,1599,737,Text,
IMG_0764.JPG,126,740,142,541,1495,654,1479,853,Text,
IMG_0769.JPG,720,193,725,102,1132,122,1127,213,Text,
IMG_0769.JPG,1183,213,1186,121,1552,134,1549,226,Text,
IMG_0769.JPG,840,836,839,716,1477,707,1478,827,Text,
IMG_0769.JPG,1413,1004,1410,946,1518,941,1521,999,Text,
IMG_0769.JPG,310,78,313,28,518,37,515,87,Text,
IMG_0769.JPG,301,111,302,77,505,86,504,120,Text,
IMG_0769.JPG,612,495,615,376,1404,399,1401,518,Text,
IMG_0769.JPG,1135,620,1134,561,1348,558,1349,617,Text,
IMG_0769.JPG,229,1128,228,1100,861,1081,862,1109,Text,
IMG_0769.JPG,896,1107,895,1082,1309,1065,1310,1090,Text,
IMG_0769.JPG,231,1162,230,1133,956,1114,957,1143,Text,
IMG_0769.JPG,229,1198,228,1166,644,1155,645,1187,Text,
IMG_0769.JPG,229,1256,228,1226,658,1211,659,1241,Text,
IMG_0769.JPG,545,987,544,967,589,964,590,984,Text,
IMG_0769.JPG,542,1004,541,991,594,988,595,1001,Text,
IMG_0780.JPG,1464,590,1465,536,1681,543,1680,597,Text,
IMG_0780.JPG,1479,611,1480,597,1668,606,1667,620,Text,
IMG_0780.JPG,1039,562,1041,532,1210,543,1208,573,Text,
IMG_0780.JPG,1035,580,1036,562,1215,573,1214,591,Text,
IMG_0780.JPG,1212,590,1213,525,1287,528,1286,593,Text,
IMG_0780.JPG,1286,583,1287,563,1327,566,1326,586,Text,
IMG_0780.JPG,1248,594,1252,576,1308,586,1304,604,Text,
IMG_0780.JPG,777,580,774,526,981,517,984,571,Text,
IMG_0780.JPG,785,599,784,582,964,575,965,592,Text,
IMG_0780.JPG,395,604,392,569,505,562,508,597,Text,
IMG_0780.JPG,396,625,394,609,502,598,504,614,Text,
IMG_0780.JPG,508,609,502,546,586,538,592,601,Text,
IMG_0780.JPG,574,604,577,573,598,576,595,607,Text,
IMG_0780.JPG,528,616,531,591,573,595,570,620,Text,
IMG_0784.JPG,708,1129,711,1110,1344,1195,1341,1214,Text,
IMG_0784.JPG,1341,1203,1342,1188,1362,1189,1361,1204,Text,
IMG_0784.JPG,1,780,2,762,76,765,75,783,Text,
IMG_0784.JPG,351,602,347,570,427,557,431,589,Text,
IMG_0784.JPG,350,643,348,621,447,608,449,630,Text,
IMG_0784.JPG,329,675,327,656,445,643,447,662,Text,
IMG_0784.JPG,331,710,329,690,397,683,399,703,Text,
IMG_0784.JPG,911,866,909,819,1129,810,1131,857,Text,
IMG_0784.JPG,890,784,888,740,1152,725,1154,769,Text,
IMG_0784.JPG,928,699,925,659,1099,646,1102,686,Text,
IMG_0784.JPG,942,622,938,579,1078,564,1082,607,Text,
IMG_0784.JPG,947,545,940,503,1071,482,1078,524,Text,
IMG_0784.JPG,956,468,949,427,1059,408,1066,449,Text,
IMG_0784.JPG,864,402,854,356,1156,294,1166,340,Text,
IMG_0784.JPG,875,332,865,290,1138,220,1148,262,Text,
IMG_0784.JPG,916,243,906,204,1083,158,1093,197,Text,
IMG_0784.JPG,837,203,825,166,1177,51,1189,88,Text,
IMG_0787.JPG,397,732,396,629,1051,624,1052,727,Text,
IMG_0791.JPG,1271,1130,1276,1030,1513,1043,1508,1143,Text,
IMG_0791.JPG,1279,1174,1280,1134,1516,1143,1515,1183,Text,
IMG_0791.JPG,1509,1062,1506,1045,1521,1042,1524,1059,Text,
IMG_0791.JPG,323,958,336,550,397,552,384,960,Text,
IMG_0791.JPG,777,271,783,208,1042,231,1036,294,Text,
IMG_0791.JPG,406,432,568,269,602,303,440,466,Text,
IMG_0792.JPG,1660,406,1657,272,1725,271,1728,405,Text,
IMG_0792.JPG,422,611,426,380,1578,401,1574,632,Text,
IMG_0792.JPG,306,837,303,695,1631,674,1634,816,Text,
IMG_0794.JPG,159,974,100,553,1571,348,1630,769,Text,
IMG_0795.JPG,572,520,573,332,1202,335,1201,523,Text,
IMG_0795.JPG,579,881,573,689,1190,670,1196,862,Text,
IMG_0809.JPG,822,322,820,288,922,282,924,316,Text,
IMG_0809.JPG,979,315,976,280,1075,273,1078,308,Text,
IMG_0809.JPG,792,607,788,559,972,544,976,592,Text,
IMG_0809.JPG,794,727,790,679,1117,652,1121,700,Text,
IMG_0809.JPG,740,1026,726,919,1150,865,1164,972,Text,
IMG_0809.JPG,739,1100,734,1054,1149,1008,1154,1054,Text,
IMG_0809.JPG,795,666,791,615,1100,594,1104,645,Text,
IMG_0810.JPG,910,319,951,239,1277,406,1236,486,Text,
IMG_0810.JPG,927,400,947,359,1260,507,1240,548,Text,
IMG_0810.JPG,568,484,584,441,812,525,796,568,Text,
IMG_0812.JPG,445,1055,435,1033,489,1010,499,1032,Text,
IMG_0812.JPG,446,1070,442,1057,489,1040,493,1053,Text,
IMG_0812.JPG,1077,1193,1074,1170,1116,1165,1119,1188,Text,
IMG_0812.JPG,61,980,60,968,101,967,102,979,Text,
IMG_0812.JPG,736,1219,725,1159,872,1131,883,1191,Text,
IMG_0812.JPG,832,1248,829,1213,863,1210,866,1245,Text,
IMG_0812.JPG,589,431,599,396,791,449,781,484,Text,
IMG_0812.JPG,599,466,604,446,692,466,687,486,Text,
IMG_0812.JPG,600,559,608,517,731,541,723,583,Text,
IMG_0812.JPG,603,587,608,563,789,600,784,624,Text,
IMG_0812.JPG,606,686,613,642,743,662,736,706,Text,
IMG_0812.JPG,611,724,614,698,727,711,724,737,Text,
IMG_0812.JPG,1306,797,1312,767,1393,781,1387,811,Text,
IMG_0812.JPG,1315,822,1319,806,1371,817,1367,833,Text,
IMG_0812.JPG,964,538,972,509,1063,533,1055,562,Text,
IMG_0812.JPG,973,568,978,547,1087,575,1082,596,Text,
IMG_0814.JPG,410,509,410,461,488,461,488,509,Text,
IMG_0814.JPG,471,886,456,551,525,548,540,883,Text,
IMG_0814.JPG,387,902,368,556,445,552,464,898,Text,
IMG_0814.JPG,403,935,402,926,554,903,555,912,Text,
IMG_0814.JPG,400,944,399,936,543,914,544,922,Text,
IMG_0814.JPG,405,966,403,953,443,946,445,959,Text,
IMG_0814.JPG,470,955,468,943,488,940,490,952,Text,
IMG_0815.JPG,123,594,123,557,148,557,148,594,Text,
IMG_0815.JPG,222,703,221,633,420,632,421,702,Text,
IMG_0815.JPG,577,749,591,491,1303,530,1289,788,Text,
IMG_0818.JPG,924,406,924,332,1220,332,1220,406,Text,
IMG_0818.JPG,847,512,846,434,1299,431,1300,509,Text,
IMG_0818.JPG,912,620,911,539,1250,534,1251,615,Text,
IMG_0821.JPG,494,1047,495,1020,698,1023,697,1050,Text,
IMG_0821.JPG,945,1198,946,1175,1023,1176,1022,1199,Text,
IMG_0821.JPG,1022,1197,1022,1168,1095,1168,1095,1197,Text,
IMG_0821.JPG,886,825,886,782,1091,782,1091,825,Text,
IMG_0821.JPG,1028,1177,1027,1156,1088,1153,1089,1174,Text,
IMG_0821.JPG,1257,947,1258,920,1399,921,1398,948,Text,
IMG_0821.JPG,1257,985,1256,949,1388,948,1389,984,Text,
IMG_0821.JPG,1267,628,1262,544,1427,535,1432,619,Text,
IMG_0821.JPG,1436,616,1435,574,1567,569,1568,611,Text,
IMG_0821.JPG,915,463,914,420,1052,419,1053,462,Text,
IMG_0821.JPG,827,407,827,338,1136,338,1136,407,Text,
IMG_0821.JPG,1021,60,1020,18,1297,15,1298,57,Text,
IMG_0821.JPG,1347,209,1347,149,1608,149,1608,209,Text,
IMG_0821.JPG,1396,247,1397,210,1564,213,1563,250,Text,
IMG_0821.JPG,493,525,492,491,756,490,757,524,Text,
IMG_0821.JPG,590,556,589,538,651,535,652,553,Text,
IMG_0821.JPG,564,589,563,570,682,569,683,588,Text,
IMG_0826.JPG,702,1289,705,1275,755,1286,752,1300,Text,
IMG_0826.JPG,655,1288,660,1277,691,1289,686,1300,Text,
IMG_0826.JPG,608,1286,612,1277,641,1291,637,1300,Text,
IMG_0826.JPG,627,667,638,582,1100,646,1089,731,Text,
IMG_0826.JPG,601,1039,612,1001,1043,1124,1032,1162,Text,
IMG_0826.JPG,655,1068,659,1054,980,1152,976,1166,Text,
IMG_0826.JPG,674,1144,696,1083,953,1176,931,1237,Text,
IMG_0827.JPG,375,676,372,602,1165,575,1168,649,Text,
IMG_0827.JPG,299,284,298,268,519,263,520,279,Text,
IMG_0840.JPG,511,660,494,497,1308,411,1325,574,Text,
IMG_0842.JPG,709,693,728,590,1089,655,1070,758,Text,
IMG_0842.JPG,299,818,322,606,1023,682,1000,894,Text,
IMG_0842.JPG,484,864,491,817,935,886,928,933,Text,
IMG_0842.JPG,486,931,490,904,839,964,835,991,Text,
IMG_0842.JPG,533,984,538,955,945,1026,940,1055,Text,
IMG_0842.JPG,591,1035,597,1003,1042,1092,1036,1124,Text,
IMG_0845.JPG,1369,310,1372,228,1677,241,1674,323,Text,
IMG_0845.JPG,927,763,926,685,1225,680,1226,758,Text,
IMG_0845.JPG,1345,1161,1348,1082,1627,1093,1624,1172,Text,
IMG_0848.JPG,75,782,80,572,1504,608,1499,818,Text,
IMG_0849.JPG,145,608,120,314,1043,234,1068,528,Text,
IMG_0849.JPG,1052,518,1052,482,1075,482,1075,518,Text,
IMG_0849.JPG,348,890,353,718,765,730,760,902,Text,
IMG_0850.JPG,554,656,557,543,664,545,661,658,Text,
IMG_0850.JPG,246,856,255,701,1094,751,1085,906,Text,
IMG_0850.JPG,221,956,223,907,1123,952,1121,1001,Text,
IMG_0855.JPG,315,833,323,621,1186,652,1178,864,Text,
IMG_0855.JPG,806,729,809,660,1127,671,1124,740,Text,
IMG_0858.JPG,819,466,943,229,1670,609,1546,846,Text,
IMG_0859.JPG,1019,842,1008,761,1064,753,1075,834,Text,
IMG_0859.JPG,706,537,715,496,924,538,915,579,Text,
IMG_0859.JPG,682,579,691,539,951,595,942,635,Text,
IMG_0859.JPG,655,933,683,830,980,912,952,1015,Text,
IMG_0861.JPG,531,674,540,539,1315,595,1306,730,Text,
IMG_0861.JPG,1375,1034,1376,979,1481,980,1480,1035,Text,
IMG_0864.JPG,359,437,347,365,947,265,959,337,Text,
IMG_0864.JPG,355,508,345,445,713,385,723,448,Text,
IMG_0864.JPG,94,953,66,808,1645,504,1673,649,Text,
IMG_0865.JPG,299,497,300,376,1117,385,1116,506,Text,
IMG_0865.JPG,787,731,786,602,1295,599,1296,728,Text,
IMG_0868.JPG,630,1017,633,933,909,941,906,1025,Text,
IMG_0868.JPG,401,385,368,196,1017,80,1050,269,Text,
IMG_0870.JPG,24,669,-2,583,118,545,145,631,Text,
IMG_0870.JPG,306,1008,305,955,459,952,460,1005,Text,
IMG_0870.JPG,818,900,815,855,902,848,905,893,Text,
IMG_0870.JPG,828,922,828,907,890,907,890,922,Text,
IMG_0870.JPG,840,947,838,929,874,924,876,942,Text,
IMG_0870.JPG,1641,521,1638,499,1654,496,1657,518,Text,
IMG_0870.JPG,1022,586,1029,414,1638,440,1631,612,Text,
IMG_0870.JPG,278,355,277,332,403,325,404,348,Text,
IMG_0870.JPG,459,339,457,322,633,303,635,320,Text,
IMG_0870.JPG,1064,281,1061,253,1599,200,1602,228,Text,
IMG_0870.JPG,263,615,255,511,637,484,645,588,Text,
IMG_0873.JPG,156,816,163,354,1597,375,1590,837,Text,
IMG_0873.JPG,127,1059,124,868,1625,851,1628,1042,Text,
IMG_0884.JPG,764,697,780,609,1328,706,1312,794,Text,
IMG_0884.JPG,782,808,794,749,1457,885,1445,944,Text,
IMG_0885.JPG,714,491,715,361,1128,364,1127,494,Text,
IMG_0885.JPG,710,648,711,522,1494,533,1493,659,Text,
IMG_0890.JPG,889,424,903,344,1132,382,1118,462,Text,
IMG_0890.JPG,362,460,377,375,1564,580,1549,665,Text,
IMG_0890.JPG,381,573,392,499,1562,679,1551,753,Text,
IMG_0892.JPG,605,317,604,53,808,52,809,316,Text,
IMG_0892.JPG,693,322,692,230,916,227,917,319,Text,
IMG_0892.JPG,540,549,537,431,992,422,995,540,Text,
IMG_0892.JPG,543,747,542,669,978,666,979,744,Text,
IMG_0892.JPG,550,866,549,793,749,790,750,863,Text,
IMG_0892.JPG,547,988,546,915,903,914,904,987,Text,
IMG_0893.JPG,1126,1082,1127,1023,1280,1026,1279,1085,Text,
IMG_0893.JPG,921,892,935,858,1016,892,1002,926,Text,
IMG_0893.JPG,293,659,290,519,1215,496,1218,636,Text,
IMG_0893.JPG,676,1071,680,1048,731,1056,727,1079,Text,
IMG_0896.JPG,512,414,509,181,1200,174,1203,407,Text,
IMG_0896.JPG,500,749,497,564,1236,553,1239,738,Text,
IMG_0896.JPG,542,893,534,729,1177,696,1185,860,Text,
IMG_0896.JPG,536,1026,530,914,1203,877,1209,989,Text,
IMG_0899.JPG,393,913,469,498,1684,722,1608,1137,Text,
IMG_0903.JPG,591,625,572,558,767,504,786,571,Text,
IMG_0903.JPG,597,704,583,641,766,598,780,661,Text,
IMG_0907.JPG,802,660,797,319,1574,308,1579,649,Text,
IMG_0910.JPG,704,484,699,253,1176,242,1181,473,Text,
IMG_0910.JPG,677,855,672,472,1320,463,1325,846,Text,
IMG_0910.JPG,860,1058,855,888,1250,877,1255,1047,Text,
IMG_0910.JPG,615,1141,612,1049,981,1036,984,1128,Text,
IMG_0910.JPG,603,1236,604,1181,949,1184,948,1239,Text,
IMG_0916.JPG,1528,790,1525,772,1590,761,1593,779,Text,
IMG_0916.JPG,419,737,490,519,1267,771,1196,989,Text,
IMG_0916.JPG,1622,1049,1620,1036,1662,1029,1664,1042,Text,
IMG_0916.JPG,1676,1042,1675,1026,1726,1023,1727,1039,Text,
IMG_0917.JPG,456,648,449,535,802,512,809,625,Text,
IMG_0917.JPG,343,757,339,671,931,638,935,724,Text,
IMG_0917.JPG,1198,1137,1195,1083,1319,1076,1322,1130,Text,
IMG_0917.JPG,1136,1179,1137,1145,1323,1146,1322,1180,Text,
IMG_0917.JPG,1419,910,1414,843,1614,828,1619,895,Text,
IMG_0917.JPG,1391,952,1390,926,1438,925,1439,951,Text,
IMG_0917.JPG,1392,982,1390,958,1487,951,1489,975,Text,
IMG_0917.JPG,1540,1066,1535,1031,1567,1026,1572,1061,Text,
IMG_0918.JPG,1619,1296,1618,1286,1648,1285,1649,1295,Text,
IMG_0918.JPG,986,487,994,334,1612,365,1604,518,Text,
IMG_1539.JPG,1262,1054,1262,1012,1492,1012,1492,1054,Text,
IMG_1539.JPG,445,649,409,540,1092,314,1128,423,Text,
IMG_1539.JPG,741,917,695,802,1140,624,1186,739,Text,
IMG_1540.JPG,723,886,676,748,1303,533,1350,671,Text,
IMG_1540.JPG,562,676,526,471,1248,345,1284,550,Text,
IMG_1540.JPG,1260,1052,1259,1010,1491,1009,1492,1051,Text,
IMG_1544.JPG,466,664,442,559,876,461,900,566,Text,
IMG_1544.JPG,534,727,521,667,861,592,874,652,Text,
IMG_1545.JPG,555,709,541,669,679,621,693,661,Text,
IMG_1545.JPG,568,751,555,713,714,660,727,698,Text,
IMG_1545.JPG,779,687,730,535,1059,429,1108,581,Text,
IMG_1545.JPG,1131,550,1115,505,1316,437,1332,482,Text,
IMG_1545.JPG,406,806,330,602,432,564,508,768,Text,
IMG_1547.JPG,1044,592,1070,445,1392,501,1366,648,Text,
IMG_1547.JPG,143,606,132,531,786,429,797,504,Text,
IMG_1547.JPG,347,813,338,760,675,706,684,759,Text,
IMG_1549.JPG,394,758,378,667,1267,511,1283,602,Text,
IMG_1549.JPG,1400,702,1401,674,1488,677,1487,705,Text,
IMG_1550.JPG,657,669,633,588,942,497,966,578,Text,
IMG_1553.JPG,458,822,382,506,1002,356,1078,672,Text,
IMG_1558.JPG,707,1016,704,976,1059,950,1062,990,Text,
IMG_1558.JPG,154,457,132,295,1426,115,1448,277,Text,
IMG_1561.JPG,656,566,647,520,980,454,989,500,Text,
IMG_1561.JPG,722,694,716,639,909,616,915,671,Text,
IMG_1562.JPG,597,558,591,529,732,498,738,527,Text,
IMG_1562.JPG,636,623,620,557,963,474,979,540,Text,
IMG_1562.JPG,646,682,638,648,1084,544,1092,578,Text,
IMG_1567.JPG,674,350,669,310,919,279,924,319,Text,
IMG_1567.JPG,576,1112,551,894,1050,836,1075,1054,Text,
IMG_1569.JPG,249,866,239,812,430,776,440,830,Text,
IMG_1569.JPG,485,811,479,775,601,754,607,790,Text,
IMG_1569.JPG,442,793,439,776,462,771,465,788,Text,
IMG_1569.JPG,1179,685,1169,636,1346,602,1356,651,Text,
IMG_1569.JPG,1366,618,1359,598,1375,593,1382,613,Text,
IMG_1569.JPG,1402,637,1395,601,1511,577,1518,613,Text,
IMG_1570.JPG,806,644,796,600,1073,537,1083,581,Text,
IMG_1570.JPG,845,698,833,649,1062,592,1074,641,Text,
IMG_1570.JPG,422,818,416,791,751,713,757,740,Text,
IMG_1570.JPG,544,824,540,809,802,748,806,763,Text,
IMG_1571.JPG,1065,1098,1056,1061,1220,1021,1229,1058,Text,
IMG_1571.JPG,882,1021,869,964,1521,816,1534,873,Text,
IMG_1571.JPG,156,996,141,877,233,865,248,984,Text,
IMG_1571.JPG,337,913,326,861,918,739,929,791,Text,
IMG_1571.JPG,977,778,969,741,1276,675,1284,712,Text,
IMG_1572.JPG,354,399,345,316,822,266,831,349,Text,
IMG_1572.JPG,266,524,257,447,941,370,950,447,Text,
IMG_1572.JPG,441,829,433,767,907,707,915,769,Text,
IMG_1572.JPG,492,1019,481,950,1522,790,1533,859,Text,
IMG_1572.JPG,510,1104,503,1051,708,1025,715,1078,Text,
IMG_1576.JPG,181,768,155,662,383,606,409,712,Text,
IMG_1576.JPG,724,631,699,529,913,479,938,581,Text,
IMG_1576.JPG,1241,505,1218,413,1416,363,1439,455,Text,
IMG_1582.JPG,670,669,653,570,1064,500,1081,599,Text,
IMG_1586.JPG,591,686,573,588,1090,494,1108,592,Text,
IMG_1586.JPG,795,750,778,661,978,621,995,710,Text,
IMG_1591.JPG,448,185,445,89,824,76,827,172,Text,
IMG_1591.JPG,588,241,585,203,718,194,721,232,Text,
IMG_1591.JPG,627,300,626,268,700,263,701,295,Text,
IMG_1591.JPG,573,370,570,331,769,316,772,355,Text,
IMG_1591.JPG,523,438,521,409,830,388,832,417,Text,
IMG_1591.JPG,583,503,579,462,793,442,797,483,Text,
IMG_1591.JPG,607,578,603,542,788,521,792,557,Text,
IMG_1591.JPG,634,636,628,593,783,574,789,617,Text,
IMG_1591.JPG,651,706,647,674,779,659,783,691,Text,
IMG_1591.JPG,602,1100,590,996,944,954,956,1058,Text,
IMG_1592.JPG,404,592,392,477,995,417,1007,532,Text,
IMG_1592.JPG,434,804,422,717,1422,585,1434,672,Text,
IMG_1593.JPG,489,371,469,237,1322,111,1342,245,Text,
IMG_1593.JPG,605,596,596,536,750,511,759,571,Text,
IMG_1593.JPG,629,721,617,647,1280,535,1292,609,Text,
IMG_1593.JPG,664,815,652,749,1211,649,1223,715,Text,
IMG_1593.JPG,660,926,646,853,1310,732,1324,805,Text,
IMG_1593.JPG,675,1037,661,960,1517,806,1531,883,Text,
IMG_1595.JPG,409,520,402,453,1261,366,1268,433,Text,
IMG_1595.JPG,413,724,400,615,1349,502,1362,611,Text,
IMG_1595.JPG,417,891,400,756,1420,630,1437,765,Text,
IMG_1596.JPG,560,615,563,599,575,601,572,617,Text,
IMG_1596.JPG,598,551,599,527,756,530,755,554,Text,
IMG_1596.JPG,580,618,581,557,1172,560,1171,621,Text,
IMG_1596.JPG,841,657,840,626,1175,623,1176,654,Text,
IMG_1600.JPG,1263,116,1188,27,1220,0,1295,89,Text,
IMG_1600.JPG,681,836,619,735,907,559,969,660,Text,
IMG_1600.JPG,775,972,701,852,983,678,1057,798,Text,
IMG_1601.JPG,139,843,136,824,184,817,187,836,Text,
IMG_1601.JPG,94,857,58,587,1296,425,1332,695,Text,
IMG_1601.JPG,1364,871,1356,835,1548,793,1556,829,Text,
IMG_1601.JPG,1174,991,1161,936,1517,853,1530,908,Text,
IMG_1614.JPG,420,334,406,267,811,182,825,249,Text,
IMG_1614.JPG,1158,992,1151,963,1293,927,1300,956,Text,
IMG_1615.JPG,778,524,774,474,905,463,909,513,Text,
IMG_1615.JPG,663,636,661,592,988,576,990,620,Text,
IMG_1619.JPG,686,604,674,541,931,493,943,556,Text,
IMG_1625.JPG,649,483,669,424,980,528,960,587,Text,
IMG_1625.JPG,661,557,675,519,963,626,949,664,Text,
IMG_1629.JPG,1012,1018,1021,795,1425,812,1416,1035,Text,
IMG_1629.JPG,241,846,245,758,919,791,915,879,Text,
IMG_1629.JPG,207,953,211,897,912,940,908,996,Text,
IMG_1641.JPG,401,524,400,464,694,455,695,515,Text,
IMG_1641.JPG,465,687,455,535,1155,492,1165,644,Text,
IMG_1645.JPG,670,304,669,288,760,281,761,297,Text,
IMG_1645.JPG,247,409,235,355,564,285,576,339,Text,
IMG_1645.JPG,720,763,713,644,1357,605,1364,724,Text,
IMG_1645.JPG,1222,358,1218,302,1508,279,1512,335,Text,
IMG_1667.JPG,932,549,954,490,1568,719,1546,778,Text,
IMG_1667.JPG,885,670,915,593,1381,771,1351,848,Text,
IMG_1667.JPG,845,764,874,690,1456,917,1427,991,Text,
IMG_1672.JPG,1323,820,1341,725,1385,733,1367,828,Text,
IMG_1672.JPG,976,700,1010,610,1087,639,1053,729,Text,
IMG_1672.JPG,676,604,719,522,798,563,755,645,Text,
IMG_1672.JPG,391,504,435,423,512,465,468,546,Text,
IMG_1672.JPG,127,422,173,342,234,377,188,457,Text,
IMG_1673.JPG,457,60,446,29,548,-7,559,23,Text,
IMG_1673.JPG,500,202,489,169,592,134,603,167,Text,
IMG_1673.JPG,404,573,390,498,1444,300,1458,375,Text,
IMG_1673.JPG,428,658,419,594,1315,473,1324,537,Text,
IMG_1676.JPG,735,548,737,486,986,495,984,557,Text,
IMG_1676.JPG,675,1004,687,920,1354,1020,1342,1104,Text,
IMG_1677.JPG,440,467,531,318,1171,713,1080,862,Text,
IMG_1677.JPG,1187,736,1198,714,1227,728,1216,750,Text,
IMG_1678.JPG,1298,1204,1095,500,1239,458,1442,1162,Text,
IMG_1678.JPG,136,635,57,454,1111,-3,1190,177,Text,
IMG_1683.JPG,720,273,727,210,1138,252,1131,315,Text,
IMG_1683.JPG,742,347,749,291,1107,334,1100,390,Text,
IMG_1683.JPG,580,491,592,391,1239,471,1227,571,Text,
IMG_1685.JPG,322,586,347,423,1374,578,1349,741,Text,
IMG_1685.JPG,556,757,565,658,1104,707,1095,806,Text,
IMG_1685.JPG,665,900,678,812,1263,898,1250,986,Text,
IMG_1687.JPG,1077,180,1087,132,1361,192,1351,240,Text,
IMG_1687.JPG,986,351,1005,290,1273,372,1254,433,Text,
IMG_1688.JPG,104,347,352,87,391,124,143,384,Text,
IMG_1688.JPG,255,546,208,493,418,306,465,359,Text,
IMG_1692.JPG,1111,907,681,113,762,69,1192,863,Text,
IMG_1692.JPG,917,770,666,277,742,238,993,731,Text,
IMG_1692.JPG,843,850,554,275,605,249,894,824,Text,
IMG_1692.JPG,794,931,481,262,532,238,845,907,Text,
IMG_1692.JPG,707,937,417,305,467,283,757,915,Text,
IMG_1701.JPG,680,569,681,484,1037,485,1036,570,Text,
IMG_1705.JPG,802,476,806,453,989,486,985,509,Text,
IMG_1705.JPG,830,554,835,527,934,545,929,572,Text,
IMG_1709.JPG,913,1053,960,771,1401,844,1354,1126,Text,
IMG_1712.JPG,432,371,437,290,683,305,678,386,Text,
IMG_1712.JPG,810,399,816,316,1090,339,1084,422,Text,
IMG_1714.JPG,550,459,555,242,657,245,652,462,Text,
IMG_1714.JPG,467,446,478,334,528,339,517,451,Text,
IMG_1714.JPG,196,651,277,287,356,305,275,669,Text,
IMG_1719.JPG,602,736,120,213,379,-25,861,497,Text,
IMG_1719.JPG,216,1090,257,480,788,516,747,1126,Text,
IMG_1723.JPG,313,436,327,394,443,434,429,476,Text,
IMG_1723.JPG,486,485,498,442,959,569,947,612,Text,
IMG_1723.JPG,1013,631,1026,586,1217,641,1204,686,Text,
IMG_1724.JPG,535,641,553,520,1205,614,1187,735,Text,
IMG_1725.JPG,416,541,454,352,1081,479,1043,668,Text,
IMG_1730.JPG,-24,714,61,472,104,488,18,730,Text,
IMG_1730.JPG,86,991,134,680,1447,883,1399,1194,Text,
IMG_1736.JPG,1046,868,1100,713,1191,745,1137,900,Text,
IMG_1736.JPG,743,833,834,368,933,388,842,853,Text,
IMG_1748.JPG,830,543,867,272,1086,302,1049,573,Text,
IMG_1748.JPG,761,698,776,585,1108,629,1093,742,Text,
IMG_1753.JPG,568,473,590,362,1117,469,1095,580,Text,
IMG_1753.JPG,698,634,723,517,1233,627,1208,744,Text,
IMG_1754.JPG,331,469,342,381,1434,529,1423,617,Text,
IMG_1754.JPG,362,552,371,491,1409,637,1400,698,Text,
IMG_1756.JPG,928,1035,413,85,487,45,1002,995,Text,
IMG_1756.JPG,866,1046,355,103,398,80,909,1023,Text,
IMG_1758.JPG,602,513,578,337,1096,266,1120,442,Text,
IMG_1760.JPG,395,330,462,209,1243,643,1176,764,Text,
IMG_1761.JPG,-27,658,92,246,1667,706,1547,1118,Text,
IMG_1763.JPG,701,478,739,390,1171,573,1133,661,Text,
IMG_1768.JPG,1149,646,1093,279,1281,250,1337,617,Text,
IMG_1768.JPG,376,763,235,413,390,351,531,701,Text,
IMG_1770.JPG,66,693,87,513,1559,688,1538,868,Text,
IMG_1771.JPG,480,595,523,381,1528,584,1485,798,Text,
IMG_1778.JPG,794,352,826,183,1362,283,1330,452,Text,
IMG_1778.JPG,673,583,704,359,1352,450,1321,674,Text,
IMG_1778.JPG,668,786,699,573,1375,671,1344,884,Text,
IMG_1783.JPG,1496,931,1192,166,1291,127,1595,892,Text,
IMG_1785.JPG,74,534,79,253,1534,278,1529,559,Text,
IMG_1785.JPG,1128,688,1129,592,1411,597,1410,693,Text,
IMG_1785.JPG,1418,692,1423,627,1512,634,1507,699,Text,
IMG_1786.JPG,483,208,543,12,1461,290,1401,486,Text,
IMG_1786.JPG,431,452,468,311,1357,546,1320,687,Text,
IMG_1786.JPG,1208,757,1227,683,1487,748,1468,822,Text,
IMG_1797.JPG,159,687,136,188,1567,122,1590,621,Text,
IMG_1797.JPG,326,1122,306,694,1211,652,1231,1080,Text,
IMG_1799.JPG,289,874,271,521,1595,453,1613,806,Text,
IMG_1805.JPG,1579,925,1574,874,1597,872,1602,923,Text,
IMG_1805.JPG,792,727,785,682,812,678,819,723,Text,
IMG_1805.JPG,28,524,0,168,1593,37,1622,393,Text,
IMG_1808.JPG,542,857,538,774,993,752,997,835,Text,
IMG_1808.JPG,510,898,508,863,1033,838,1035,873,Text,
IMG_1808.JPG,97,545,90,332,1386,289,1393,502,Text,
IMG_1809.JPG,696,806,644,282,749,272,801,796,Text,
IMG_1809.JPG,725,993,724,975,808,974,809,992,Text,
IMG_1809.JPG,690,1015,689,992,844,985,845,1008,Text,
IMG_1815.JPG,311,572,242,258,1132,61,1201,375,Text,
IMG_1815.JPG,334,800,302,646,1159,468,1191,622,Text,
IMG_1815.JPG,165,1160,129,968,1193,768,1229,960,Text,
IMG_1817.JPG,263,831,284,472,1473,544,1452,903,Text,
IMG_1822.JPG,196,357,177,121,1323,27,1342,263,Text,
IMG_1822.JPG,228,503,217,368,1348,279,1359,414,Text,
IMG_1823.JPG,202,868,188,766,452,730,466,832,Text,
IMG_1823.JPG,717,798,696,663,1529,536,1550,671,Text,
IMG_1824.JPG,259,1042,271,963,329,973,317,1052,Text,
IMG_1824.JPG,359,1043,366,997,674,1045,667,1091,Text,
IMG_1824.JPG,684,1101,692,1043,797,1058,789,1116,Text,
IMG_1824.JPG,79,743,112,577,1226,798,1193,964,Text,
IMG_1826.JPG,120,234,119,30,1529,21,1530,225,Text,
IMG_1826.JPG,212,483,213,281,1476,284,1475,486,Text,
IMG_1832.JPG,397,477,349,291,571,234,619,420,Text,
IMG_1832.JPG,525,997,470,824,665,762,720,935,Text,
IMG_1835.JPG,479,331,522,140,1278,310,1235,501,Text,
IMG_1835.JPG,496,682,512,596,1093,699,1077,785,Text,
IMG_1835.JPG,255,868,279,717,1237,874,1213,1025,Text,
IMG_1862.JPG,608,628,858,240,1000,331,750,719,Text,
IMG_1866.JPG,100,865,135,622,1494,816,1459,1059,Text,
IMG_1866.JPG,80,796,88,774,108,781,100,803,Text,
IMG_1872.JPG,546,984,565,329,690,332,671,987,Text,
IMG_1872.JPG,1016,1018,1043,308,1216,314,1189,1024,Text,
IMG_1883.JPG,354,582,349,287,1272,270,1277,565,Text,
IMG_1883.JPG,342,920,337,598,1279,585,1284,907,Text,
IMG_1904.JPG,97,396,105,215,1349,268,1341,449,Text,
IMG_1904.JPG,1277,22,1279,-10,1597,10,1595,43,Text,
IMG_1904.JPG,44,1147,43,972,1464,961,1465,1136,Text,
IMG_1905.JPG,526,854,460,637,1185,417,1251,634,Text,
IMG_1905.JPG,251,616,149,224,1237,-59,1339,332,Text,
IMG_1916.JPG,58,566,46,512,1292,244,1304,298,Text,
IMG_1920.JPG,396,1159,299,918,781,724,878,965,Text,
IMG_1920.JPG,1013,419,931,219,1518,-21,1600,178,Text,
IMG_1922.JPG,300,332,288,135,1293,74,1305,271,Text,
IMG_1922.JPG,329,525,309,328,938,264,958,461,Text,
IMG_1935.JPG,497,689,503,596,995,631,989,724,Text,
IMG_1935.JPG,455,800,464,694,1402,777,1393,883,Text,
IMG_1939.JPG,864,1031,857,426,1110,423,1117,1028,Text,
IMG_1941.JPG,295,237,289,163,530,144,536,218,Text,
IMG_1941.JPG,453,980,486,723,1303,826,1270,1083,Text,
IMG_1941.JPG,461,1053,464,1021,1161,1091,1158,1123,Text,
IMG_1946.JPG,432,120,447,14,1407,148,1392,254,Text,
IMG_1946.JPG,438,225,448,165,1347,307,1337,367,Text,
IMG_1946.JPG,509,604,520,556,1080,688,1069,736,Text,
IMG_1947.JPG,597,374,546,281,1016,25,1067,118,Text,
IMG_1947.JPG,476,647,417,549,1131,114,1190,212,Text,
IMG_1947.JPG,827,739,796,693,1006,551,1037,597,Text,
IMG_1947.JPG,616,989,578,938,1176,497,1214,548,Text,
IMG_1947.JPG,764,962,729,918,1095,629,1130,673,Text,
IMG_1949.JPG,417,722,346,545,1115,237,1186,414,Text,
IMG_1949.JPG,187,629,147,534,188,517,228,612,Text,
IMG_1951.JPG,157,807,52,552,1389,4,1494,259,Text,
IMG_1951.JPG,214,971,167,851,1376,383,1423,503,Text,
IMG_1955.JPG,493,378,634,110,1538,586,1397,854,Text,
IMG_1957.JPG,714,1013,983,288,1169,357,900,1082,Text,
IMG_1960.JPG,480,879,350,671,1077,219,1207,427,Text,
IMG_1965.JPG,611,856,603,777,1132,722,1140,801,Text,
IMG_1965.JPG,586,923,581,875,1195,806,1200,854,Text,
IMG_1965.JPG,651,1056,641,981,1219,903,1229,978,Text,
IMG_1966.JPG,286,369,268,260,1425,61,1443,170,Text,
IMG_1967.JPG,427,805,398,600,1195,487,1224,692,Text,
IMG_1967.JPG,361,872,357,841,534,820,538,851,Text,
IMG_1971.JPG,794,640,708,518,913,374,999,496,Text,
IMG_1975.JPG,1259,421,1285,383,1360,436,1334,474,Text,
IMG_1975.JPG,1447,878,1471,841,1495,857,1471,894,Text,
IMG_1975.JPG,517,766,809,429,862,475,570,812,Text,
IMG_1975.JPG,691,831,911,566,973,618,753,883,Text,
IMG_1977.JPG,163,490,162,256,1407,249,1408,483,Text,
IMG_1977.JPG,233,842,232,704,1311,691,1312,829,Text,
IMG_1977.JPG,71,1141,68,964,657,953,660,1130,Text,
IMG_1977.JPG,1018,1120,1013,942,1569,925,1574,1103,Text,
IMG_1983.JPG,1024,668,1010,566,1361,520,1375,622,Text,
IMG_1983.JPG,1054,803,1038,705,1387,646,1403,744,Text,
IMG_1986.JPG,39,622,139,321,1315,712,1215,1013,Text,
IMG_1991.JPG,509,1071,364,902,1247,145,1392,314,Text,
IMG_1995.JPG,580,737,501,511,1130,291,1209,517,Text,
IMG_2011.JPG,297,973,236,771,1517,382,1578,584,Text,
IMG_2011.JPG,546,1176,499,1008,1412,749,1459,917,Text,
IMG_2014.JPG,706,704,716,570,929,585,919,719,Text,
IMG_2014.JPG,677,906,678,767,980,772,979,911,Text,
IMG_2024.JPG,16,469,33,346,1561,566,1544,689,Text,
IMG_2028.JPG,200,1182,142,1028,1143,648,1201,802,Text,
IMG_2028.JPG,1388,191,1362,152,1385,137,1411,176,Text,
IMG_2028.JPG,146,985,33,719,1339,162,1452,428,Text,
IMG_2029.JPG,22,1124,-14,743,1592,588,1629,969,Text,
IMG_2031.JPG,1188,1020,1200,870,1537,897,1525,1047,Text,
IMG_2031.JPG,1192,1159,1198,1064,1479,1083,1473,1178,Text,
IMG_2031.JPG,72,1131,80,885,1011,918,1003,1164,Text,
IMG_2040.JPG,1018,1152,1013,1113,1476,1050,1481,1089,Text,
IMG_2046.JPG,185,880,116,404,1470,210,1539,686,Text,
IMG_2049.JPG,688,990,684,904,1229,879,1233,965,Text,
IMG_2049.JPG,397,984,377,553,1457,503,1477,934,Text,
IMG_2051.JPG,636,1171,743,18,832,26,725,1179,Text,
IMG_2055.JPG,783,668,764,578,981,533,1000,623,Text,
IMG_2055.JPG,802,723,795,685,993,644,1000,682,Text,
IMG_2055.JPG,1049,667,1016,539,1119,512,1152,640,Text,
IMG_2060.JPG,427,705,446,521,1119,593,1100,777,Text,
IMG_2060.JPG,301,859,310,776,1193,878,1184,961,Text,
IMG_2060.JPG,290,1025,301,925,1170,1022,1159,1122,Text,
IMG_2062.JPG,194,881,174,727,1412,561,1432,715,Text,
IMG_2075.JPG,571,245,554,97,1232,21,1249,169,Text,
IMG_2075.JPG,545,366,528,249,1058,171,1075,288,Text,
IMG_2075.JPG,505,537,495,389,1115,348,1125,496,Text,
IMG_2075.JPG,440,851,441,691,986,692,985,852,Text,
IMG_2075.JPG,360,1055,400,770,1300,898,1260,1183,Text,
IMG_2077.JPG,643,895,588,829,1545,32,1600,98,Text,
IMG_2077.JPG,731,1002,673,934,1228,458,1286,526,Text,
IMG_2077.JPG,827,1157,736,1049,1596,319,1687,427,Text,
IMG_2078.JPG,722,857,744,776,1209,904,1187,985,Text,
IMG_2078.JPG,51,574,73,496,1294,830,1272,908,Text,
IMG_2080.JPG,384,610,398,545,1021,672,1007,737,Text,
IMG_2080.JPG,704,748,726,672,1069,772,1047,848,Text,
IMG_2081.JPG,652,1084,622,941,1423,777,1453,920,Text,
IMG_2081.JPG,749,537,742,497,850,478,857,518,Text,
IMG_2081.JPG,853,490,851,478,863,476,865,488,Text,
IMG_2081.JPG,1411,447,1408,62,1592,61,1595,446,Text,
IMG_2081.JPG,1516,497,1490,426,1596,388,1622,459,Text,
IMG_2083.JPG,8,936,32,790,1197,983,1173,1129,Text,
IMG_2085.JPG,139,781,109,699,583,524,613,606,Text,
IMG_2085.JPG,615,562,604,525,639,514,650,551,Text,
IMG_2085.JPG,231,1042,139,774,1460,321,1552,589,Text,
IMG_2086.JPG,667,796,352,424,512,288,827,660,Text,
IMG_2086.JPG,418,989,-7,417,212,253,638,825,Text,
IMG_2088.JPG,224,912,190,769,1344,492,1378,635,Text,
IMG_2091.JPG,449,1077,500,616,1495,727,1444,1188,Text,
IMG_2091.JPG,775,295,787,228,1067,282,1055,349,Text,
IMG_2091.JPG,696,325,703,286,1057,352,1050,391,Text,
IMG_2093.JPG,194,1141,210,838,1558,909,1542,1212,Text,
IMG_2097.JPG,965,1003,561,367,709,273,1113,909,Text,
IMG_2100.JPG,549,672,470,410,1397,127,1476,389,Text,
IMG_2101.JPG,627,267,749,10,1154,202,1032,459,Text,
IMG_2101.JPG,542,570,672,307,1540,737,1410,1000,Text,
IMG_2103.JPG,1039,1083,699,174,892,102,1232,1011,Text,
IMG_2103.JPG,857,1103,678,560,821,512,1000,1055,Text,
IMG_2112.JPG,352,292,454,111,1445,671,1343,852,Text,
IMG_2112.JPG,138,709,184,607,1211,1072,1165,1174,Text,
IMG_2113.JPG,480,569,529,437,1207,689,1158,821,Text,
IMG_2124.JPG,144,426,186,195,1631,454,1589,685,Text,
IMG_2127.JPG,310,1125,169,874,1401,184,1542,435,Text,
IMG_2130.JPG,642,353,764,156,1424,566,1302,763,Text,
IMG_2130.JPG,487,662,567,479,1330,815,1250,998,Text,
IMG_2160.JPG,43,967,76,764,1528,998,1495,1201,Text,
IMG_2160.JPG,197,748,254,387,1495,586,1438,947,Text,
IMG_2163.JPG,784,578,807,486,993,533,970,625,Text,
IMG_2163.JPG,621,664,637,580,1065,662,1049,746,Text,
IMG_2165.JPG,34,996,37,880,1166,909,1163,1025,Text,
IMG_2165.JPG,1202,652,1207,606,1552,641,1547,687,Text,
IMG_2172.JPG,982,497,971,442,1328,376,1339,431,Text,
IMG_2174.JPG,724,635,664,535,968,353,1028,453,Text,
IMG_2184.JPG,679,210,750,107,1387,552,1316,655,Text,
IMG_2184.JPG,731,328,756,292,1257,635,1232,671,Text,
IMG_2184.JPG,742,675,875,466,1126,627,993,836,Text,
IMG_2184.JPG,906,866,932,826,1235,1017,1209,1057,Text,
IMG_2199.JPG,347,760,409,665,873,969,811,1064,Text,
IMG_2205.JPG,434,686,482,439,1189,576,1141,823,Text,
IMG_2208.JPG,691,849,713,721,1314,826,1292,954,Text,
IMG_2213.JPG,444,1077,391,856,1428,605,1481,826,Text,
IMG_2213.JPG,384,423,459,339,483,361,408,445,Text,
IMG_2222.JPG,64,759,54,590,1434,504,1444,673,Text,
IMG_2222.JPG,542,846,536,752,991,725,997,819,Text,
IMG_2224.JPG,738,767,751,709,1297,835,1284,893,Text,
IMG_0059.JPG,297,753,303,642,1534,708,1528,819,Text,
IMG_0059.JPG,202,903,220,726,1702,876,1684,1053,Text,
IMG_0080.JPG,461,806,431,717,702,627,732,716,Text,
IMG_0080.JPG,900,667,859,545,1749,243,1790,365,Text,
IMG_0103.JPG,614,400,606,291,782,278,790,387,Text,
IMG_0103.JPG,611,546,599,414,843,392,855,524,Text,
IMG_0103.JPG,623,639,612,565,785,541,796,615,Text,
IMG_0156.JPG,710,471,701,348,1055,322,1064,445,Text,
IMG_0158.JPG,503,448,500,394,797,375,800,429,Text,
IMG_0172.JPG,587,525,583,493,906,452,910,484,Text,
IMG_0172.JPG,430,628,423,562,1088,486,1095,552,Text,
IMG_0172.JPG,540,676,537,649,984,600,987,627,Text,
IMG_0172.JPG,552,734,548,699,925,656,929,691,Text,
IMG_0172.JPG,964,686,959,654,986,649,991,681,Text,
IMG_0172.JPG,740,767,735,731,809,721,814,757,Text,
IMG_0172.JPG,484,428,471,32,974,15,987,411,Text,
IMG_0445.JPG,738,482,730,461,857,413,865,434,Text,
IMG_0445.JPG,757,491,753,479,828,453,832,465,Text,
IMG_0445.JPG,737,545,729,522,824,490,832,513,Text,
IMG_0445.JPG,714,808,712,793,798,778,800,793,Text,
IMG_0445.JPG,686,831,683,814,833,789,836,806,Text,
IMG_0445.JPG,649,887,647,878,729,865,731,874,Text,
IMG_0445.JPG,726,890,724,880,822,865,824,875,Text,
IMG_0449.JPG,813,595,818,570,927,592,922,617,Text,
IMG_0449.JPG,814,627,817,607,934,625,931,645,Text,
IMG_0449.JPG,826,691,829,661,937,672,934,702,Text,
IMG_0461.JPG,821,442,832,391,997,427,986,478,Text,
IMG_0461.JPG,795,494,802,449,1024,484,1017,529,Text,
IMG_0461.JPG,849,623,853,572,1012,586,1008,637,Text,
IMG_0462.JPG,1037,458,1033,415,1294,388,1298,431,Text,
IMG_0462.JPG,1078,561,1077,520,1216,513,1217,554,Text,
IMG_0468.JPG,150,301,176,248,548,427,522,480,Text,
IMG_0468.JPG,1166,921,1190,879,1494,1051,1470,1093,Text,
IMG_0468.JPG,1134,1022,1155,984,1414,1134,1393,1172,Text,
IMG_0475.JPG,228,639,231,628,295,647,292,658,Text,
IMG_0475.JPG,102,410,109,372,263,401,256,439,Text,
IMG_0475.JPG,338,449,344,408,563,442,557,483,Text,
IMG_0475.JPG,675,503,684,452,1007,506,998,557,Text,
IMG_0475.JPG,492,723,497,706,587,733,582,750,Text,
IMG_0475.JPG,871,836,876,820,1001,858,996,874,Text,
IMG_0475.JPG,1329,608,1340,545,1566,587,1555,650,Text,
IMG_0475.JPG,1443,1008,1450,986,1637,1046,1630,1068,Text,
IMG_0477.JPG,514,572,516,535,879,564,877,601,Text,
IMG_0477.JPG,554,1277,552,1262,613,1253,615,1268,Text,
IMG_0477.JPG,567,1297,565,1260,703,1253,705,1290,Text,
IMG_0477.JPG,1422,1140,1418,1126,1452,1118,1456,1132,Text,
IMG_0477.JPG,1434,1164,1426,1140,1493,1120,1501,1144,Text,
IMG_0477.JPG,1603,1126,1600,1109,1706,1090,1709,1107,Text,
IMG_0477.JPG,1608,1147,1605,1129,1718,1110,1721,1128,Text,
IMG_0477.JPG,1129,614,1131,581,1322,596,1320,629,Text,
IMG_0477.JPG,1148,655,1149,628,1269,635,1268,662,Text,
IMG_0478.JPG,116,37,126,6,304,61,294,92,Text,
IMG_0478.JPG,131,129,153,51,547,160,525,238,Text,
IMG_0478.JPG,906,1101,899,1040,1015,1027,1022,1088,Text,
IMG_0478.JPG,933,1146,927,1109,993,1097,999,1134,Text,
IMG_0478.JPG,1186,1090,1180,1041,1260,1030,1266,1079,Text,
IMG_0478.JPG,1204,1130,1196,1097,1243,1087,1251,1120,Text,
IMG_0478.JPG,1691,559,1695,541,1729,548,1725,566,Text,
IMG_0478.JPG,1559,499,1563,485,1596,493,1592,507,Text,
IMG_0478.JPG,1561,535,1568,504,1639,520,1632,551,Text,
IMG_0478.JPG,814,520,820,481,929,497,923,536,Text,
IMG_0478.JPG,811,596,819,544,1135,588,1127,640,Text,
IMG_0478.JPG,818,655,822,615,1083,640,1079,680,Text,
IMG_0478.JPG,825,721,828,680,1095,697,1092,738,Text,
IMG_0482.JPG,670,724,674,685,757,694,753,733,Text,
IMG_0485.JPG,873,634,859,592,1038,535,1052,577,Text,
IMG_0485.JPG,892,691,879,643,1075,590,1088,638,Text,
IMG_0485.JPG,985,812,977,765,1159,734,1167,781,Text,
IMG_0485.JPG,765,1161,770,1134,1141,1212,1136,1239,Text,
IMG_0491.JPG,283,1162,287,1133,412,1151,408,1180,Text,
IMG_0491.JPG,363,502,352,401,931,333,942,434,Text,
IMG_0491.JPG,341,640,333,467,1170,431,1178,604,Text,
IMG_0491.JPG,376,687,375,649,765,638,766,676,Text,
IMG_0491.JPG,300,1029,303,993,676,1024,673,1060,Text,
IMG_0491.JPG,353,930,355,890,729,909,727,949,Text,
IMG_0505.JPG,178,549,194,255,1412,321,1396,615,Text,
IMG_0505.JPG,130,1035,153,593,1575,667,1552,1109,Text,
IMG_0507.JPG,380,647,354,601,1172,135,1198,181,Text,
IMG_0507.JPG,485,204,477,177,774,95,782,122,Text,
IMG_0507.JPG,1035,60,1029,35,1247,-10,1253,14,Text,
IMG_0507.JPG,340,976,339,943,569,940,570,973,Text,
IMG_0507.JPG,340,1013,339,981,581,978,582,1010,Text,
IMG_0507.JPG,321,1149,324,1107,901,1149,898,1191,Text,
IMG_0507.JPG,321,1168,322,1159,941,1212,940,1221,Text,
IMG_0507.JPG,334,1049,335,1015,658,1030,657,1064,Text,
IMG_0509.JPG,669,644,661,550,807,538,815,632,Text,
IMG_0509.JPG,818,560,815,534,828,533,831,559,Text,
IMG_0509.JPG,587,1009,610,948,955,1078,932,1139,Text,
IMG_0513.JPG,707,334,701,281,972,250,978,303,Text,
IMG_0513.JPG,668,401,663,352,1053,312,1058,361,Text,
IMG_0513.JPG,745,602,739,553,1454,471,1460,520,Text,
IMG_0513.JPG,763,721,758,676,1401,607,1406,652,Text,
IMG_0513.JPG,777,797,772,749,1077,714,1082,762,Text,
IMG_0513.JPG,423,988,420,963,899,917,902,942,Text,
IMG_0513.JPG,912,1004,910,978,1428,921,1430,947,Text,
IMG_0520.JPG,812,19,814,-1,932,8,930,29,Text,
IMG_0520.JPG,334,456,331,370,571,363,574,449,Text,
IMG_0520.JPG,374,867,359,787,599,741,614,821,Text,
IMG_0520.JPG,764,437,763,359,946,356,947,434,Text,
IMG_0520.JPG,1090,420,1090,355,1232,355,1232,420,Text,
IMG_0520.JPG,1101,729,1093,669,1229,650,1237,710,Text,
IMG_0521.JPG,246,1100,142,761,1178,446,1282,785,Text,
IMG_0545.JPG,900,740,877,678,1337,505,1360,567,Text,
IMG_0545.JPG,875,1028,863,1000,955,959,967,987,Text,
IMG_0545.JPG,1063,942,1052,916,1185,860,1196,886,Text,
IMG_0554.JPG,591,513,586,306,1635,283,1640,490,Text,
IMG_0554.JPG,583,762,581,595,1621,582,1623,749,Text,
IMG_0592.JPG,273,769,294,708,332,721,311,782,Text,
IMG_0592.JPG,1468,517,1457,460,1539,444,1550,501,Text,
IMG_0592.JPG,427,830,414,756,1229,606,1242,680,Text,
IMG_0592.JPG,378,746,345,588,1321,380,1354,538,Text,
IMG_0599.JPG,1325,1233,1362,623,1450,629,1413,1239,Text,
IMG_0599.JPG,379,560,350,486,486,432,515,506,Text,
IMG_0599.JPG,522,524,473,426,1337,-9,1386,88,Text,
IMG_0599.JPG,505,617,483,570,931,354,953,401,Text,
IMG_0599.JPG,826,887,787,787,1280,595,1319,695,Text,
IMG_0599.JPG,842,732,818,675,1280,487,1304,544,Text,
IMG_0599.JPG,858,647,801,518,1325,283,1382,412,Text,
IMG_0599.JPG,250,1108,216,1023,577,881,611,966,Text,
IMG_0599.JPG,270,972,249,920,594,781,615,833,Text,
IMG_0599.JPG,290,897,240,787,637,607,687,717,Text,
IMG_0604.JPG,584,605,597,391,738,400,725,614,Text,
IMG_0604.JPG,753,515,759,393,1176,414,1170,536,Text,
IMG_0604.JPG,645,666,648,601,795,608,792,673,Text,
IMG_0607.JPG,292,1202,287,1170,412,1148,417,1180,Text,
IMG_0607.JPG,483,1170,453,1031,1324,844,1354,983,Text,
IMG_0607.JPG,1264,1050,1258,1021,1420,991,1426,1020,Text,
IMG_0610.JPG,300,819,276,669,1630,454,1654,604,Text,
IMG_0610.JPG,285,921,277,863,1616,661,1624,719,Text,
IMG_0612.JPG,475,634,486,542,1491,652,1480,744,Text,
IMG_0616.JPG,518,356,539,236,1023,322,1002,442,Text,
IMG_0616.JPG,520,505,538,392,976,462,958,575,Text,
IMG_0616.JPG,520,767,541,588,1310,680,1289,859,Text,
IMG_0616.JPG,515,993,531,818,1019,862,1003,1037,Text,
IMG_0625.JPG,499,535,513,443,928,505,914,597,Text,
IMG_0625.JPG,567,666,582,572,1093,653,1078,747,Text,
IMG_0638.JPG,690,1114,689,1094,775,1089,776,1109,Text,
IMG_0638.JPG,1091,844,1084,794,1286,768,1293,818,Text,
IMG_0638.JPG,1343,807,1337,766,1673,721,1679,762,Text,
IMG_0638.JPG,87,949,83,914,173,904,177,939,Text,
IMG_0638.JPG,24,1187,23,1177,63,1174,64,1184,Text,
IMG_0638.JPG,566,633,561,604,919,549,924,578,Text,
IMG_0638.JPG,564,599,556,544,663,529,671,584,Text,
IMG_0638.JPG,716,579,703,510,911,471,924,540,Text,
IMG_0638.JPG,395,805,378,644,1109,569,1126,730,Text,
IMG_0638.JPG,202,943,196,895,962,808,968,856,Text,
IMG_0659.JPG,1282,1296,1281,1255,1374,1252,1375,1293,Text,
IMG_0659.JPG,1185,914,1204,807,1483,858,1464,965,Text,
IMG_0659.JPG,458,364,457,246,913,243,914,361,Text,
IMG_0659.JPG,443,498,442,383,905,378,906,493,Text,
IMG_0659.JPG,159,577,178,186,417,198,398,589,Text,
IMG_0659.JPG,163,780,162,690,540,687,541,777,Text,
IMG_0659.JPG,190,931,191,865,455,868,454,934,Text,
IMG_0659.JPG,189,1041,188,975,453,970,454,1036,Text,
IMG_0659.JPG,181,1140,180,1067,448,1066,449,1139,Text,
IMG_0659.JPG,527,937,528,867,744,868,743,938,Text,
IMG_0659.JPG,524,1042,523,977,684,974,685,1039,Text,
IMG_0659.JPG,500,1143,500,1076,790,1076,790,1143,Text,
IMG_0666.JPG,78,47,70,18,192,-17,200,11,Text,
IMG_0667.JPG,1115,1282,1132,1258,1179,1290,1162,1314,Text,
IMG_0667.JPG,450,646,421,576,578,513,607,583,Text,
IMG_0667.JPG,657,597,616,499,1528,118,1569,216,Text,
IMG_0667.JPG,643,679,625,635,1051,464,1069,508,Text,
IMG_0667.JPG,1031,710,985,582,1552,381,1598,509,Text,
IMG_0667.JPG,1029,802,1010,747,1544,559,1563,614,Text,
IMG_0667.JPG,1030,924,1000,829,1515,667,1545,762,Text,
IMG_0667.JPG,369,955,330,845,772,691,811,801,Text,
IMG_0667.JPG,362,1032,346,985,740,849,756,896,Text,
IMG_0667.JPG,339,1150,313,1063,723,938,749,1025,Text,
IMG_0668.JPG,302,370,305,331,320,332,317,371,Text,
IMG_0668.JPG,338,347,334,307,509,286,513,326,Text,
IMG_0668.JPG,334,378,332,358,504,339,506,359,Text,
IMG_0668.JPG,428,1042,427,991,458,990,459,1041,Text,
IMG_0668.JPG,410,1119,411,1079,539,1082,538,1122,Text,
IMG_0668.JPG,411,1186,412,1143,533,1148,532,1191,Text,
IMG_0668.JPG,404,1237,405,1214,534,1217,533,1240,Text,
IMG_0670.JPG,988,1226,989,1214,1039,1217,1038,1229,Text,
IMG_0670.JPG,871,986,874,931,924,934,921,989,Text,
IMG_0670.JPG,868,1028,871,995,923,998,920,1031,Text,
IMG_0670.JPG,866,1166,871,1061,909,1062,904,1167,Text,
IMG_0671.JPG,711,578,728,500,1131,587,1114,665,Text,
IMG_0671.JPG,1139,598,1168,464,1524,542,1495,676,Text,
IMG_0671.JPG,1169,634,1175,606,1466,668,1460,696,Text,
IMG_0671.JPG,1186,719,1200,655,1509,721,1495,785,Text,
IMG_0671.JPG,1209,783,1218,736,1496,794,1487,841,Text,
IMG_0671.JPG,1217,827,1224,791,1470,839,1463,875,Text,
IMG_0671.JPG,783,823,788,794,935,820,930,849,Text,
IMG_0671.JPG,697,850,704,812,1021,871,1014,909,Text,
IMG_0671.JPG,1107,891,1109,867,1146,870,1144,894,Text,
IMG_0671.JPG,1111,925,1114,906,1152,911,1149,930,Text,
IMG_0671.JPG,1153,896,1158,869,1377,911,1372,938,Text,
IMG_0671.JPG,1156,935,1161,905,1383,946,1378,976,Text,
IMG_0671.JPG,1451,944,1456,923,1532,939,1527,960,Text,
IMG_0671.JPG,1451,989,1458,950,1594,975,1587,1014,Text,
IMG_0672.JPG,254,701,298,557,1396,893,1352,1037,Text,
IMG_0675.JPG,789,1206,788,1187,866,1184,867,1203,Text,
IMG_0675.JPG,950,1262,951,1220,991,1221,990,1263,Text,
IMG_0675.JPG,727,708,735,628,1091,663,1083,743,Text,
IMG_0675.JPG,727,761,730,725,1090,762,1087,798,Text,
IMG_0675.JPG,786,828,790,780,1033,803,1029,851,Text,
IMG_0675.JPG,1397,244,1392,227,1438,214,1443,231,Text,
IMG_0675.JPG,1579,291,1575,276,1612,268,1616,283,Text,
IMG_0678.JPG,164,625,165,499,782,508,781,634,Text,
IMG_0678.JPG,542,786,543,700,780,703,779,789,Text,
IMG_0678.JPG,923,658,926,488,1558,497,1555,667,Text,
IMG_0678.JPG,876,796,877,704,1613,715,1612,807,Text,
IMG_0680.JPG,578,836,555,741,918,653,941,748,Text,
IMG_0680.JPG,1009,737,1003,694,1041,689,1047,732,Text,
IMG_0680.JPG,603,869,597,827,857,790,863,832,Text,
IMG_0680.JPG,1206,1182,1205,1170,1327,1167,1328,1179,Text,
IMG_0680.JPG,1144,1167,1144,1155,1196,1155,1196,1167,Text,
IMG_0680.JPG,1138,1187,1137,1171,1194,1168,1195,1184,Text,
IMG_0698.JPG,348,1292,348,1184,1259,1184,1259,1292,Text,
IMG_0698.JPG,170,229,172,94,853,104,851,239,Text,
IMG_0698.JPG,163,384,164,274,860,285,859,395,Text,
IMG_0711.JPG,282,973,319,301,362,303,325,975,Text,
IMG_0711.JPG,795,924,790,225,846,224,851,923,Text,
IMG_0714.JPG,1690,784,1691,768,1725,771,1724,787,Text,
IMG_0714.JPG,1690,809,1691,792,1728,795,1727,812,Text,
IMG_0714.JPG,1604,1070,1588,954,1618,950,1634,1066,Text,
IMG_0714.JPG,587,424,585,356,1069,341,1071,409,Text,
IMG_0714.JPG,599,494,598,460,1046,453,1047,487,Text,
IMG_0714.JPG,1105,389,1106,353,1226,356,1225,392,Text,
IMG_0714.JPG,1126,471,1125,440,1201,437,1202,468,Text,
IMG_0714.JPG,1158,473,1157,459,1208,456,1209,470,Text,
IMG_0716.JPG,1248,586,1251,548,1295,552,1292,590,Text,
IMG_0716.JPG,412,746,412,646,1300,646,1300,746,Text,
IMG_0721.JPG,585,805,580,566,1325,553,1330,792,Text,
IMG_0739.JPG,227,922,225,846,498,839,500,915,Text,
IMG_0739.JPG,642,820,634,610,1516,577,1524,787,Text,
IMG_0739.JPG,643,914,640,835,1514,800,1517,879,Text,
IMG_0742.JPG,339,647,399,339,1399,533,1339,841,Text,
IMG_0745.JPG,618,449,617,373,813,370,814,446,Text,
IMG_0745.JPG,624,504,625,456,815,459,814,507,Text,
IMG_0745.JPG,627,567,626,516,820,513,821,564,Text,
IMG_0745.JPG,619,664,618,594,821,591,822,661,Text,
IMG_0745.JPG,630,722,629,674,819,671,820,719,Text,
IMG_0745.JPG,628,789,627,737,818,732,819,784,Text,
IMG_0745.JPG,625,889,622,815,822,810,825,884,Text,
IMG_0745.JPG,631,950,630,900,820,895,821,945,Text,
IMG_0745.JPG,630,1014,627,961,820,952,823,1005,Text,
IMG_0760.JPG,605,851,614,808,765,840,756,883,Text,
IMG_0760.JPG,787,888,790,872,804,875,801,891,Text,
IMG_0760.JPG,630,1196,633,1180,669,1187,666,1203,Text,
IMG_0760.JPG,609,882,612,861,760,886,757,907,Text,
IMG_0760.JPG,1485,1058,1483,1023,1558,1019,1560,1054,Text,
IMG_0760.JPG,1643,263,1632,228,1728,199,1739,234,Text,
IMG_0760.JPG,971,188,961,168,1173,62,1183,82,Text,
IMG_0760.JPG,971,214,965,200,1177,94,1183,108,Text,
IMG_0760.JPG,970,285,959,261,1152,174,1163,198,Text,
IMG_0760.JPG,968,308,962,294,1191,194,1197,208,Text,
IMG_0760.JPG,964,384,953,355,1048,320,1059,349,Text,
IMG_0760.JPG,961,407,955,390,1048,360,1054,377,Text,
IMG_0760.JPG,960,485,950,457,1117,400,1127,428,Text,
IMG_0760.JPG,961,510,955,492,1077,452,1083,470,Text,
IMG_0760.JPG,955,586,947,555,1094,517,1102,548,Text,
IMG_0760.JPG,955,612,950,591,1139,544,1144,565,Text,
IMG_0760.JPG,950,693,944,661,1043,644,1049,676,Text,
IMG_0760.JPG,946,721,943,702,1022,689,1025,708,Text,
IMG_0760.JPG,945,801,941,768,1088,751,1092,784,Text,
IMG_0760.JPG,943,829,941,810,1097,793,1099,812,Text,
IMG_0763.JPG,982,528,987,325,1436,336,1431,539,Text,
IMG_0763.JPG,1173,772,1178,601,1238,603,1233,774,Text,
IMG_0765.JPG,977,316,964,171,1360,134,1373,279,Text,
IMG_0765.JPG,983,389,979,339,1340,310,1344,360,Text,
IMG_0765.JPG,961,580,953,437,1360,413,1368,556,Text,
IMG_0765.JPG,950,657,947,602,1358,583,1361,638,Text,
IMG_0765.JPG,929,841,926,697,1356,688,1359,832,Text,
IMG_0765.JPG,925,920,924,869,1349,862,1350,913,Text,
IMG_0770.JPG,5,936,4,913,56,912,57,935,Text,
IMG_0770.JPG,560,953,561,929,699,934,698,958,Text,
IMG_0770.JPG,203,840,202,676,1657,673,1658,837,Text,
IMG_0770.JPG,44,610,41,388,1661,363,1664,585,Text,
IMG_0770.JPG,1313,975,1314,947,1478,950,1477,978,Text,
IMG_0770.JPG,1005,1168,1006,1156,1095,1159,1094,1171,Text,
IMG_0770.JPG,1014,1093,1015,1070,1098,1073,1097,1096,Text,
IMG_0770.JPG,1058,1122,1057,1100,1097,1099,1098,1121,Text,
IMG_0770.JPG,1032,1146,1032,1123,1097,1123,1097,1146,Text,
IMG_0770.JPG,246,1170,247,1133,327,1136,326,1173,Text,
IMG_0770.JPG,111,1073,113,1035,225,1042,223,1080,Text,
IMG_0770.JPG,103,1123,107,1078,230,1090,226,1135,Text,
IMG_0770.JPG,95,1159,98,1122,222,1133,219,1170,Text,
IMG_0779.JPG,854,456,860,356,1356,389,1350,489,Text,
IMG_0779.JPG,674,454,675,430,806,433,805,457,Text,
IMG_0781.JPG,1315,581,1328,534,1437,563,1424,610,Text,
IMG_0781.JPG,1342,628,1351,597,1433,623,1424,654,Text,
IMG_0781.JPG,529,362,543,309,802,380,788,433,Text,
IMG_0781.JPG,531,413,542,376,748,435,737,472,Text,
IMG_0781.JPG,518,658,502,610,592,581,608,629,Text,
IMG_0781.JPG,513,699,504,669,672,618,681,648,Text,
IMG_0781.JPG,605,759,591,710,708,677,722,726,Text,
IMG_0781.JPG,608,801,598,766,789,713,799,748,Text,
IMG_0790.JPG,1523,138,1516,13,1574,10,1581,135,Text,
IMG_0790.JPG,354,414,356,307,1465,328,1463,435,Text,
IMG_0790.JPG,355,483,356,440,1461,467,1460,510,Text,
IMG_0790.JPG,611,637,613,576,1188,593,1186,654,Text,
IMG_0790.JPG,526,736,528,654,1283,671,1281,753,Text,
IMG_0790.JPG,1369,1295,1369,1280,1413,1280,1413,1295,Text,
IMG_0790.JPG,1323,1001,1324,983,1462,986,1461,1004,Text,
IMG_0790.JPG,1323,975,1326,902,1462,906,1459,979,Text,
IMG_0790.JPG,741,1010,742,937,1186,940,1185,1013,Text,
IMG_0790.JPG,851,1016,852,998,1109,1003,1108,1021,Text,
IMG_0790.JPG,1160,1023,1160,1006,1271,1006,1271,1023,Text,
IMG_0790.JPG,224,654,280,590,302,610,246,674,Text,
IMG_0790.JPG,214,728,283,642,313,666,244,752,Text,
IMG_0793.JPG,438,374,455,266,1042,358,1025,466,Text,
IMG_0799.JPG,269,719,266,511,1545,496,1548,704,Text,
IMG_0799.JPG,647,1190,646,1156,849,1153,850,1187,Text,
IMG_0799.JPG,1251,1101,1250,1078,1277,1075,1278,1098,Text,
IMG_0799.JPG,1249,1117,1248,1106,1277,1103,1278,1114,Text,
IMG_0799.JPG,1399,1180,1399,1143,1583,1143,1583,1180,Text,
IMG_0807.JPG,628,706,622,469,1298,452,1304,689,Text,
IMG_0820.JPG,88,755,92,702,336,724,332,777,Text,
IMG_0820.JPG,128,208,185,111,209,125,152,222,Text,
IMG_0820.JPG,435,552,439,516,539,529,535,565,Text,
IMG_0820.JPG,432,577,434,556,592,575,590,596,Text,
IMG_0820.JPG,787,603,791,571,882,584,878,616,Text,
IMG_0820.JPG,784,629,786,607,905,622,903,644,Text,
IMG_0820.JPG,788,698,792,665,884,675,880,708,Text,
IMG_0820.JPG,788,719,790,703,857,710,855,726,Text,
IMG_0820.JPG,787,791,791,758,941,773,937,806,Text,
IMG_0820.JPG,795,822,797,797,949,808,947,833,Text,
IMG_0820.JPG,1136,738,1140,707,1260,721,1256,752,Text,
IMG_0820.JPG,1136,764,1138,742,1238,755,1236,777,Text,
IMG_0820.JPG,1148,830,1151,799,1224,804,1221,835,Text,
IMG_0820.JPG,1151,854,1152,835,1196,838,1195,857,Text,
IMG_0820.JPG,0,1088,0,1073,56,1074,55,1089,Text,
IMG_0820.JPG,1,1129,0,1115,49,1114,50,1128,Text,
IMG_0820.JPG,350,1088,351,1072,399,1073,398,1089,Text,
IMG_0829.JPG,386,841,381,539,1575,517,1580,819,Text,
IMG_0829.JPG,523,990,519,866,1457,835,1461,959,Text,
IMG_0830.JPG,1303,477,1304,457,1328,458,1327,478,Text,
IMG_0830.JPG,313,434,326,199,1370,257,1357,492,Text,
IMG_0831.JPG,896,650,894,518,1486,509,1488,641,Text,
IMG_0831.JPG,892,764,891,701,1473,698,1474,761,Text,
IMG_0833.JPG,782,1154,731,1072,1241,752,1292,834,Text,
IMG_0836.JPG,382,295,383,185,730,190,729,300,Text,
IMG_0836.JPG,750,325,751,186,1259,193,1258,332,Text,
IMG_0836.JPG,341,798,341,441,1510,441,1510,798,Text,
IMG_0836.JPG,397,958,398,860,1465,865,1464,963,Text,
IMG_0836.JPG,82,399,75,336,99,333,106,396,Text,
IMG_0836.JPG,2,523,3,492,59,495,58,526,Text,
IMG_0836.JPG,13,694,10,641,34,640,37,693,Text,
IMG_0836.JPG,2,1006,1,961,51,960,52,1005,Text,
IMG_0836.JPG,3,1293,4,1265,66,1266,65,1294,Text,
IMG_0839.JPG,442,486,566,295,1366,813,1242,1004,Text,
IMG_0844.JPG,770,946,772,918,1015,937,1013,965,Text,
IMG_0844.JPG,777,713,770,456,806,455,813,712,Text,
IMG_0844.JPG,969,851,954,459,981,458,996,850,Text,
IMG_0844.JPG,899,852,888,451,939,450,950,851,Text,
IMG_0844.JPG,832,851,819,450,872,449,885,850,Text,
IMG_0846.JPG,703,225,711,189,1068,267,1060,303,Text,
IMG_0846.JPG,619,867,620,848,721,851,720,870,Text,
IMG_0846.JPG,600,400,616,293,1176,377,1160,484,Text,
IMG_0846.JPG,605,559,616,434,1184,484,1173,609,Text,
IMG_0846.JPG,810,740,811,688,933,693,932,745,Text,
IMG_0846.JPG,936,744,939,666,1053,671,1050,749,Text,
IMG_0846.JPG,843,887,844,825,1204,830,1203,892,Text,
IMG_0846.JPG,798,1003,797,908,1261,899,1262,994,Text,
IMG_0846.JPG,580,1086,578,1039,957,1022,959,1069,Text,
IMG_0846.JPG,989,1061,987,1022,1269,1009,1271,1048,Text,
IMG_0851.JPG,789,607,821,281,1468,343,1436,669,Text,
IMG_0851.JPG,1551,118,1545,88,1725,54,1731,84,Text,
IMG_0851.JPG,1,1293,2,1244,111,1245,110,1294,Text,
IMG_0866.JPG,1588,1206,1590,1185,1687,1196,1685,1217,Text,
IMG_0866.JPG,1622,1235,1621,1218,1690,1217,1691,1234,Text,
IMG_0866.JPG,1711,1210,1710,1188,1727,1187,1728,1209,Text,
IMG_0875.JPG,587,473,574,372,1110,306,1123,407,Text,
IMG_0875.JPG,412,1248,419,587,1623,601,1616,1262,Text,
IMG_0886.JPG,628,537,698,335,1228,518,1158,720,Text,
IMG_0886.JPG,864,672,884,600,1304,714,1284,786,Text,
IMG_0887.JPG,183,905,180,725,1710,703,1713,883,Text,
IMG_0888.JPG,216,809,224,572,1440,614,1432,851,Text,
IMG_0891.JPG,1671,342,1666,286,1706,283,1711,339,Text,
IMG_0891.JPG,58,922,8,570,1679,330,1729,682,Text,
IMG_0898.JPG,496,542,465,176,931,136,962,502,Text,
IMG_0912.JPG,198,535,208,402,1637,511,1627,644,Text,
IMG_0912.JPG,338,640,347,541,1434,639,1425,738,Text,
IMG_1543.JPG,501,623,489,499,1155,435,1167,559,Text,
IMG_1543.JPG,522,702,517,654,1152,580,1157,628,Text,
IMG_1546.JPG,279,742,241,572,1126,377,1164,547,Text,
IMG_1556.JPG,702,356,723,264,1074,342,1053,434,Text,
IMG_1556.JPG,667,447,678,391,1102,473,1091,529,Text,
IMG_1556.JPG,656,685,671,578,1104,638,1089,745,Text,
IMG_1557.JPG,96,652,85,609,369,535,380,578,Text,
IMG_1557.JPG,142,833,104,681,1523,326,1561,478,Text,
IMG_1557.JPG,1366,543,1358,513,1516,471,1524,501,Text,
IMG_1563.JPG,797,744,794,701,1010,688,1013,731,Text,
IMG_1563.JPG,688,798,686,760,1106,735,1108,773,Text,
IMG_1563.JPG,800,994,796,935,1145,910,1149,969,Text,
IMG_1563.JPG,624,1079,620,1027,1298,977,1302,1029,Text,
IMG_1564.JPG,609,757,590,681,954,589,973,665,Text,
IMG_1568.JPG,540,681,521,608,732,554,751,627,Text,
IMG_1568.JPG,767,619,752,552,965,503,980,570,Text,
IMG_1568.JPG,990,589,985,566,1025,557,1030,580,Text,
IMG_1568.JPG,1220,191,1128,20,1159,3,1251,174,Text,
IMG_1578.JPG,72,606,75,497,796,516,793,625,Text,
IMG_1578.JPG,414,1033,400,939,1122,829,1136,923,Text,
IMG_1578.JPG,44,974,28,864,336,820,352,930,Text,
IMG_1578.JPG,315,1049,260,477,1515,355,1570,927,Text,
IMG_1581.JPG,485,805,412,666,925,397,998,536,Text,
IMG_1581.JPG,575,1000,530,914,998,666,1043,752,Text,
IMG_1581.JPG,1066,524,985,355,1434,142,1515,311,Text,
IMG_1587.JPG,644,647,603,575,939,381,980,453,Text,
IMG_1587.JPG,719,712,688,655,927,528,958,585,Text,
IMG_1598.JPG,824,387,846,351,952,414,930,450,Text,
IMG_1598.JPG,786,418,800,390,979,478,965,506,Text,
IMG_1598.JPG,819,548,836,503,958,549,941,594,Text,
IMG_1598.JPG,632,734,645,657,804,683,791,760,Text,
IMG_1598.JPG,657,800,663,752,771,765,765,813,Text,
IMG_1599.JPG,654,685,629,576,944,504,969,613,Text,
IMG_1605.JPG,510,424,492,286,1141,202,1159,340,Text,
IMG_1605.JPG,809,601,798,537,957,511,968,575,Text,
IMG_1605.JPG,913,647,906,608,1327,539,1334,578,Text,
IMG_1605.JPG,922,710,915,672,1163,626,1170,664,Text,
IMG_1605.JPG,938,774,930,730,1351,650,1359,694,Text,
IMG_1605.JPG,949,832,941,791,1188,741,1196,782,Text,
IMG_1605.JPG,962,902,952,851,1343,767,1353,818,Text,
IMG_1605.JPG,971,960,961,915,1208,863,1218,908,Text,
IMG_1607.JPG,451,332,438,284,800,191,813,239,Text,
IMG_1607.JPG,512,473,499,419,735,366,748,420,Text,
IMG_1607.JPG,780,667,765,581,1037,535,1052,621,Text,
IMG_1607.JPG,779,741,768,680,1047,631,1058,692,Text,
IMG_1620.JPG,340,775,321,657,1303,502,1322,620,Text,
IMG_1621.JPG,760,643,759,615,868,610,869,638,Text,
IMG_1626.JPG,718,657,707,487,746,484,757,654,Text,
IMG_1626.JPG,792,628,793,534,875,535,874,629,Text,
IMG_1627.JPG,385,378,347,212,839,99,877,265,Text,
IMG_1628.JPG,161,685,152,611,647,551,656,625,Text,
IMG_1628.JPG,747,615,738,556,1514,443,1523,502,Text,
IMG_1628.JPG,176,945,160,840,1176,685,1192,790,Text,
IMG_1628.JPG,187,1078,180,1039,1082,891,1089,930,Text,
IMG_1628.JPG,193,1149,185,1104,1137,938,1145,983,Text,
IMG_1646.JPG,1367,908,1374,870,1478,890,1471,928,Text,
IMG_1646.JPG,260,647,268,600,961,711,953,758,Text,
IMG_1646.JPG,323,753,340,661,1069,796,1052,888,Text,
IMG_1652.JPG,469,632,615,386,1129,691,983,937,Text,
IMG_1652.JPG,441,674,514,598,1017,1082,944,1158,Text,
IMG_1654.JPG,660,586,663,521,1006,536,1003,601,Text,
IMG_1657.JPG,1017,492,942,311,1021,279,1096,460,Text,
IMG_1657.JPG,917,553,833,340,898,315,982,528,Text,
IMG_1657.JPG,757,634,659,381,734,352,832,605,Text,
IMG_1668.JPG,564,307,576,243,1036,332,1024,396,Text,
IMG_1668.JPG,563,384,576,327,779,377,766,434,Text,
IMG_1668.JPG,565,484,581,420,1109,557,1093,621,Text,
IMG_1668.JPG,562,554,578,502,1056,645,1040,697,Text,
IMG_1668.JPG,565,631,581,581,1006,715,990,765,Text,
IMG_1668.JPG,563,699,584,645,1042,819,1021,873,Text,
IMG_1668.JPG,964,999,1030,836,1191,901,1125,1064,Text,
IMG_1671.JPG,107,1123,112,1098,514,1187,509,1212,Text,
IMG_1671.JPG,381,773,387,660,1086,697,1080,810,Text,
IMG_1671.JPG,215,913,224,786,1525,879,1516,1006,Text,
IMG_1674.JPG,389,483,423,338,1460,583,1426,728,Text,
IMG_1679.JPG,414,313,427,236,1354,386,1341,463,Text,
IMG_1679.JPG,415,465,427,402,824,476,812,539,Text,
IMG_1679.JPG,427,488,431,468,816,545,812,565,Text,
IMG_1679.JPG,414,612,426,560,697,620,685,672,Text,
IMG_1679.JPG,418,663,429,615,870,719,859,767,Text,
IMG_1679.JPG,418,708,428,664,867,772,857,816,Text,
IMG_1689.JPG,221,398,193,259,819,131,847,270,Text,
IMG_1689.JPG,314,1055,289,919,779,830,804,966,Text,
IMG_1689.JPG,970,944,942,804,1451,701,1479,841,Text,
IMG_1691.JPG,200,347,207,192,1511,251,1504,406,Text,
IMG_1691.JPG,245,556,234,397,1559,302,1570,461,Text,
IMG_1696.JPG,473,753,494,662,563,678,542,769,Text,
IMG_1696.JPG,315,470,386,304,806,485,735,651,Text,
IMG_1696.JPG,1072,716,1137,550,1486,687,1421,853,Text,
IMG_1699.JPG,781,1085,741,916,1288,788,1328,957,Text,
IMG_1699.JPG,502,792,442,630,1025,414,1085,576,Text,
IMG_1699.JPG,480,485,396,308,738,144,822,321,Text,
IMG_1706.JPG,1153,396,1161,345,1387,382,1379,433,Text,
IMG_1706.JPG,1100,438,1108,398,1402,456,1394,496,Text,
IMG_1706.JPG,1082,549,1094,499,1310,550,1298,600,Text,
IMG_1715.JPG,606,667,645,608,866,753,827,812,Text,
IMG_1718.JPG,633,536,593,456,720,392,760,472,Text,
IMG_1718.JPG,738,837,679,724,948,583,1007,696,Text,
IMG_1718.JPG,824,913,770,799,998,690,1052,804,Text,
IMG_1721.JPG,759,769,600,498,711,432,870,703,Text,
IMG_1722.JPG,938,620,966,546,1197,632,1169,706,Text,
IMG_1722.JPG,778,690,846,540,1095,653,1027,803,Text,
IMG_1722.JPG,661,731,679,677,1182,837,1164,891,Text,
IMG_1726.JPG,521,669,520,542,991,541,992,668,Text,
IMG_1726.JPG,521,802,518,689,988,674,991,787,Text,
IMG_1729.JPG,779,1184,922,-1,1012,9,869,1195,Text,
IMG_1732.JPG,465,557,464,417,1249,410,1250,550,Text,
IMG_1749.JPG,882,1022,896,957,1165,1016,1151,1081,Text,
IMG_1749.JPG,873,1126,887,1071,1150,1140,1136,1195,Text,
IMG_1751.JPG,572,428,539,262,1406,94,1439,260,Text,
IMG_1751.JPG,696,795,685,748,930,692,941,739,Text,
IMG_1751.JPG,952,724,941,684,1172,624,1183,664,Text,
IMG_1751.JPG,708,850,698,808,936,750,946,792,Text,
IMG_1751.JPG,959,760,953,736,1174,678,1180,702,Text,
IMG_1751.JPG,961,785,955,764,1113,724,1119,745,Text,
IMG_1751.JPG,604,564,587,491,1395,301,1412,374,Text,
IMG_1757.JPG,1000,703,1015,508,1134,518,1119,713,Text,
IMG_1757.JPG,651,565,650,483,902,482,903,564,Text,
IMG_1757.JPG,705,607,706,574,798,575,797,608,Text,
IMG_1757.JPG,591,708,590,616,920,613,921,705,Text,
IMG_1757.JPG,646,746,645,715,854,714,855,745,Text,
IMG_1764.JPG,514,457,658,3,1510,272,1366,726,Text,
IMG_1764.JPG,524,830,578,522,1396,666,1342,974,Text,
IMG_1766.JPG,898,625,944,531,1397,751,1351,845,Text,
IMG_1766.JPG,1117,177,1143,99,1473,210,1447,288,Text,
IMG_1767.JPG,939,350,970,304,1089,386,1058,432,Text,
IMG_1767.JPG,697,330,738,258,1224,538,1183,610,Text,
IMG_1767.JPG,578,466,619,392,1096,657,1055,731,Text,
IMG_1767.JPG,384,565,422,497,1007,816,969,884,Text,
IMG_1772.JPG,801,1091,821,909,962,925,942,1107,Text,
IMG_1772.JPG,388,675,402,359,1421,402,1407,718,Text,
IMG_1789.JPG,876,426,1037,242,1079,279,918,463,Text,
IMG_1789.JPG,228,1100,668,547,778,634,338,1187,Text,
IMG_1791.JPG,708,536,730,436,1454,603,1432,703,Text,
IMG_1800.JPG,129,1039,48,782,880,521,961,778,Text,
IMG_1800.JPG,193,1143,166,1059,958,810,985,894,Text,
IMG_1802.JPG,680,649,657,489,1253,406,1276,566,Text,
IMG_1806.JPG,578,621,564,520,1165,440,1179,541,Text,
IMG_1806.JPG,577,680,571,631,1194,550,1200,599,Text,
IMG_1811.JPG,260,435,211,174,1472,-61,1521,199,Text,
IMG_1811.JPG,496,427,488,381,783,329,791,375,Text,
IMG_1811.JPG,842,362,834,315,1201,251,1209,298,Text,
IMG_1814.JPG,589,332,610,207,933,260,912,385,Text,
IMG_1825.JPG,555,1076,524,945,1292,763,1323,894,Text,
IMG_1825.JPG,1448,426,1425,323,1490,308,1513,411,Text,
IMG_1836.JPG,309,899,276,785,1081,557,1114,671,Text,
IMG_1836.JPG,66,1144,31,1020,1509,600,1544,724,Text,
IMG_1839.JPG,654,1043,669,133,790,134,775,1044,Text,
IMG_1839.JPG,830,809,833,403,963,404,960,810,Text,
IMG_1846.JPG,726,77,744,18,1195,158,1177,217,Text,
IMG_1846.JPG,777,172,795,115,1169,235,1151,292,Text,
IMG_1846.JPG,633,213,647,167,1138,318,1124,364,Text,
IMG_1846.JPG,950,897,938,839,1508,727,1520,785,Text,
IMG_1846.JPG,972,1015,958,941,1407,853,1421,927,Text,
IMG_1846.JPG,993,1128,977,1046,1534,936,1550,1018,Text,
IMG_1846.JPG,401,641,442,596,865,981,824,1026,Text,
IMG_1846.JPG,323,707,371,657,692,965,644,1015,Text,
IMG_1846.JPG,253,776,310,719,700,1108,643,1165,Text,
IMG_1846.JPG,130,604,98,563,513,237,545,278,Text,
IMG_1846.JPG,171,458,135,410,463,163,499,211,Text,
IMG_1846.JPG,64,451,25,398,410,120,449,173,Text,
IMG_1864.JPG,993,193,1064,119,1554,588,1483,662,Text,
IMG_1864.JPG,907,356,949,310,1259,593,1217,639,Text,
IMG_1865.JPG,415,980,350,900,1152,251,1217,331,Text,
IMG_1867.JPG,318,148,330,28,1062,98,1050,218,Text,
IMG_1867.JPG,311,271,319,152,941,194,933,313,Text,
IMG_1867.JPG,286,485,292,324,1035,353,1029,514,Text,
IMG_1867.JPG,255,841,256,666,1004,673,1003,848,Text,
IMG_1867.JPG,187,1164,165,857,1270,775,1292,1082,Text,
IMG_1869.JPG,43,1032,462,26,536,57,117,1063,Text,
IMG_1869.JPG,156,1058,535,192,597,219,218,1085,Text,
IMG_1903.JPG,127,826,78,612,1340,325,1389,539,Text,
IMG_1903.JPG,58,550,-6,258,887,60,952,352,Text,
IMG_1923.JPG,773,484,759,383,874,368,888,469,Text,
IMG_1926.JPG,259,1060,234,884,1349,721,1374,897,Text,
IMG_1933.JPG,430,1066,438,1021,878,1100,870,1145,Text,
IMG_1933.JPG,144,892,158,816,1212,1008,1198,1084,Text,
IMG_1933.JPG,326,712,373,461,1145,607,1098,858,Text,
IMG_1933.JPG,758,265,767,223,987,269,978,311,Text,
IMG_1933.JPG,1052,326,1060,289,1378,357,1370,394,Text,
IMG_1936.JPG,629,761,648,419,842,430,823,772,Text,
IMG_1937.JPG,198,712,156,519,1287,271,1329,464,Text,
IMG_1940.JPG,520,738,397,524,1141,98,1264,312,Text,
IMG_1940.JPG,307,1061,215,910,1458,152,1550,303,Text,
IMG_1943.JPG,777,1095,757,4,1291,-4,1311,1086,Text,
IMG_1952.JPG,329,306,303,161,1206,-3,1232,141,Text,
IMG_1952.JPG,422,601,380,447,817,328,859,482,Text,
IMG_1952.JPG,664,839,612,693,1265,463,1317,609,Text,
IMG_1952.JPG,667,1155,609,1010,1392,696,1450,841,Text,
IMG_1953.JPG,651,294,662,172,1078,212,1067,334,Text,
IMG_1953.JPG,720,497,731,366,1148,401,1137,532,Text,
IMG_1953.JPG,433,908,434,847,650,848,649,909,Text,
IMG_1954.JPG,294,993,294,136,450,136,450,993,Text,
IMG_1954.JPG,360,26,357,4,417,-4,420,17,Text,
IMG_1964.JPG,547,651,507,477,1281,297,1321,471,Text,
IMG_1964.JPG,569,763,550,669,850,610,869,704,Text,
IMG_1969.JPG,976,1164,943,278,1123,272,1156,1158,Text,
IMG_1970.JPG,729,466,800,369,1250,701,1179,798,Text,
IMG_1972.JPG,465,868,437,753,1471,504,1499,619,Text,
IMG_1992.JPG,397,845,535,417,1291,661,1153,1089,Text,
IMG_1994.JPG,997,876,996,50,1559,49,1560,875,Text,
IMG_2002.JPG,551,666,506,448,748,398,793,616,Text,
IMG_2008.JPG,415,714,389,444,1419,344,1445,614,Text,
IMG_2008.JPG,349,950,341,858,1050,795,1058,887,Text,
IMG_2008.JPG,341,985,340,954,564,943,565,974,Text,
IMG_2009.JPG,923,743,1111,424,1216,486,1028,805,Text,
IMG_2010.JPG,869,805,716,625,1060,332,1213,512,Text,
IMG_2013.JPG,628,726,597,652,944,509,975,583,Text,
IMG_2018.JPG,652,1156,619,12,812,6,845,1150,Text,
IMG_2025.JPG,168,1164,66,952,1195,412,1297,624,Text,
IMG_2025.JPG,720,993,673,890,1549,483,1596,586,Text,
IMG_2030.JPG,152,938,160,751,1435,809,1427,996,Text,
IMG_2032.JPG,910,1154,911,1014,1544,1017,1543,1157,Text,
IMG_2032.JPG,7,970,17,741,1526,810,1516,1039,Text,
IMG_2033.JPG,595,636,744,363,1198,612,1049,885,Text,
IMG_2034.JPG,115,396,204,268,1398,1105,1309,1233,Text,
IMG_2035.JPG,861,992,842,305,973,302,992,989,Text,
IMG_2041.JPG,519,757,446,622,1174,227,1247,362,Text,
IMG_2044.JPG,1575,703,1576,689,1597,690,1596,704,Text,
IMG_2044.JPG,201,729,221,433,1509,523,1489,819,Text,
IMG_2047.JPG,547,1014,442,609,1053,451,1158,856,Text,
IMG_2061.JPG,74,860,30,659,1233,395,1277,596,Text,
IMG_2061.JPG,98,1122,54,913,1463,618,1507,827,Text,
IMG_2069.JPG,59,405,89,330,1287,801,1257,876,Text,
IMG_2069.JPG,117,305,195,104,1372,560,1294,761,Text,
IMG_2074.JPG,288,254,312,127,1458,345,1434,472,Text,
IMG_2076.JPG,218,572,238,186,1113,232,1093,618,Text,
IMG_2076.JPG,133,1103,142,532,1574,555,1565,1126,Text,
IMG_2082.JPG,700,563,666,474,1056,321,1090,410,Text,
IMG_2082.JPG,783,706,739,598,1056,469,1100,577,Text,
IMG_2090.JPG,225,134,253,19,1558,333,1530,448,Text,
IMG_2090.JPG,178,281,207,158,1108,368,1079,491,Text,
IMG_2090.JPG,132,447,156,327,1068,510,1044,630,Text,
IMG_2090.JPG,54,753,93,560,1441,827,1402,1020,Text,
IMG_2095.JPG,263,472,276,339,528,364,515,497,Text,
IMG_2095.JPG,259,569,267,492,507,517,499,594,Text,
IMG_2096.JPG,268,1109,193,764,1590,461,1665,806,Text,
IMG_2099.JPG,147,353,225,214,1347,837,1269,976,Text,
IMG_2102.JPG,354,775,249,288,1449,28,1554,515,Text,
IMG_2106.JPG,122,394,169,299,282,355,235,450,Text,
IMG_2106.JPG,806,975,910,860,1008,949,904,1064,Text,
IMG_2106.JPG,1378,476,1321,373,1444,305,1501,408,Text,
IMG_2115.JPG,267,307,295,163,1482,398,1454,542,Text,
IMG_2120.JPG,880,1106,923,220,1199,234,1156,1120,Text,
IMG_2125.JPG,276,743,236,641,1565,117,1605,219,Text,
IMG_2126.JPG,285,590,279,355,1278,330,1284,565,Text,
IMG_2126.JPG,1293,360,1317,307,1347,321,1323,374,Text,
IMG_2166.JPG,560,929,526,805,1303,592,1337,716,Text,
IMG_2166.JPG,443,591,394,408,1219,190,1268,373,Text,
IMG_2177.JPG,935,1091,968,99,1062,102,1029,1094,Text,
IMG_2181.JPG,446,1066,361,647,1466,423,1551,842,Text,
IMG_2183.JPG,1465,304,1457,276,1556,250,1564,278,Text,
IMG_2183.JPG,199,559,145,318,567,223,621,464,Text,
IMG_2215.JPG,182,901,173,761,1123,700,1132,840,Text,
IMG_2218.JPG,399,944,210,617,690,339,879,666,Text,
IMG_2218.JPG,804,368,761,288,999,160,1042,240,Text,
IMG_2218.JPG,834,432,801,376,1095,204,1128,260,Text,
IMG_2220.JPG,561,1007,421,793,1212,276,1352,490,Text,
IMG_2220.JPG,1344,1163,1334,1152,1350,1137,1360,1148,Text,
IMG_2220.JPG,1366,1145,1357,1134,1372,1122,1381,1133,Text,
IMG_2221.JPG,899,928,893,907,926,899,932,920,Text,
IMG_2221.JPG,1129,1160,1111,1107,1325,1037,1343,1090,Text,
IMG_2221.JPG,79,592,50,337,921,236,950,491,Text,
IMG_2221.JPG,313,1205,309,1193,376,1172,380,1184,Text,
IMG_2221.JPG,358,829,352,816,386,802,392,815,Text,
IMG_2221.JPG,366,834,364,826,388,820,390,828,Text,
IMG_2221.JPG,7,1157,-3,1135,29,1118,40,1140,Text,
IMG_2221.JPG,6,1175,0,1160,37,1145,43,1160,Text,
IMG_2221.JPG,3,1192,0,1180,42,1166,46,1178,Text,
IMG_2257.JPG,564,581,546,482,832,431,850,530,Text,
IMG_2257.JPG,456,742,450,622,1028,595,1034,715,Text,
IMG_2257.JPG,495,913,503,829,1018,877,1010,961,Text,
IMG_2257.JPG,522,967,527,926,861,969,856,1010,Text,
